Data,positiviMolecolariInItalia,positiviMolecolariInVeneto,ingressiTerapiaIntensivaInItalia,ingressiTerapiaIntensivaInVeneto,ingressiOrdinariInItalia,ingressiOrdinariInVeneto,decedutiInItalia,decedutiInVenetoPopolosoQuantoItalia,letalitaItaliana,letalitaVeneta
24-02-2020,5.111008325624422,1.4545454545454546,26,48.89515247893427,101,146.6854574368028,7,12.223788119733568,3.056768558951965,3.0303030303030303
25-02-2020,2.1632937892533146,0.6329113924050633,9,36.6713643592007,-4,-411.5916236292178,3,0.0,3.1055900621118013,2.3255813953488373
26-02-2020,8.091286307053942,2.5,1,12.223788119733568,6,-88.30205539747168,2,12.223788119733568,3.0,2.816901408450704
27-02-2020,10.300782859497321,3.1645569620253164,20,0.0,139,36.6713643592007,5,0.0,2.6153846153846154,1.8018018018018018
28-02-2020,6.465634338494974,3.2,8,12.223788119733568,85,-76.0782672777381,4,0.0,2.364864864864865,1.3245033112582782
29-02-2020,8.091706001348618,3.21285140562249,41,24.447576239467136,89,-274.3944157528119,8,0.0,2.5709219858156027,1.0471204188481675
01-03-2020,22.952149229521492,18.1360201511335,35,24.447576239467136,232,55.64786347999444,5,0.0,2.0070838252656436,0.7604562737642585
02-03-2020,15.419296663660957,1.3774104683195592,26,12.223788119733568,94,-112.74963163693882,18,0.0,2.5540275049115913,0.7326007326007326
03-03-2020,18.558343289526086,8.629441624365482,63,61.11894059866784,329,-734.881191860964,27,12.223788119733568,3.1574740207833734,0.9771986970684039
04-03-2020,14.74503893494097,15.634218289085545,66,48.89515247893427,315,-218.74655227281744,28,36.6713643592007,3.463904176108773,1.6666666666666667
05-03-2020,30.455445544554454,3.2775453277545328,56,12.223788119733568,434,58.38340203933114,41,48.89515247893427,3.83618455158113,2.457002457002457
06-03-2020,19.46459844883663,7.5418994413407825,111,36.6713643592007,659,-105.99692063587862,49,24.447576239467136,4.249352890422778,2.459016393442623
07-03-2020,21.86568472733649,3.9118065433854907,105,171.13303367626995,251,-1847.4181815512818,36,12.223788119733568,3.9605643379228286,2.394106813996317
08-03-2020,18.946031746031746,8.529214237743451,83,73.3427287184014,884,-542.0361205045635,133,61.11894059866784,4.96271186440678,2.6865671641791047
09-03-2020,46.207251221393676,12.415989942743632,83,48.89515247893427,759,-59.83730671628107,97,24.447576239467136,5.04797208896642,2.6881720430107525
10-03-2020,14.087959625090123,16.302765647743815,144,195.58060991573709,783,-1975.127139867291,168,73.3427287184014,6.217361316385851,3.0373831775700935
11-03-2020,18.663761801016705,3.510615934412445,151,12.223788119733568,807,571.782503068141,196,36.6713643592007,6.636173968865351,2.8347996089931575
12-03-2020,20.61911799019989,17.713444553483807,125,207.80439803547065,786,-1134.4212981650114,189,36.6713643592007,6.722689075630252,2.3121387283236996
13-03-2020,22.192210507972465,9.365290723479804,175,268.9233386341385,826,-2944.9958445625293,250,122.23788119733568,7.168742921857304,2.633228840125392
14-03-2020,29.934942646807052,26.532195500387896,190,146.6854574368028,961,-1646.3664945168712,175,158.90924555653638,6.810984544122513,2.839442436757873
15-03-2020,22.824082904189712,4.2220625224577795,154,122.23788119733568,1255,-638.5447915800454,368,97.79030495786854,7.309976966905079,2.9005524861878453
16-03-2020,24.74929189313328,12.011173184357542,179,330.0422792328063,1387,-2824.2118680421436,349,73.3427287184014,7.7126518942101505,2.7901334411645773
17-03-2020,32.96867695184666,54.225352112676056,209,183.35682179600352,1899,-1446.7687121594108,345,134.46166931706924,7.9445185044118585,2.9585798816568047
18-03-2020,24.917081260364842,9.50960283423457,197,293.3709148736056,1457,-2094.801753299853,475,171.13303367626995,8.338700193206956,2.924704418170504
19-03-2020,30.877233696913436,7.07361802462667,241,171.13303367626995,1438,-392.7873953029872,427,256.6995505144049,8.29779456561472,3.3008036739380024
20-03-2020,24.828902069766478,11.81425485961123,157,330.0422792328063,179,-2824.2118680421436,627,195.58060991573709,8.574892069500862,3.2498139419498884
21-03-2020,24.8974787363305,13.458888378502527,202,158.90924555653638,1733,-573.408678539654,793,183.35682179600352,9.00556198439658,3.1622265540394197
22-03-2020,22.081016679904685,12.534127575080666,152,73.3427287184014,2088,1267.0845212160045,651,281.14712675387204,9.259697656329264,3.299492385786802
23-03-2020,28.061643032930974,11.120789779326365,195,317.81849111307275,889,-2430.3151096513325,601,281.14712675387204,9.506155458569932,3.4877384196185286
24-03-2020,24.418496464458503,8.749753110803871,192,281.14712675387204,1242,-1786.471511747177,743,293.3709148736056,9.858910604834046,3.6314727639542705
25-03-2020,18.95855318219861,10.512875079804214,93,146.6854574368028,1076,-558.4493518605838,683,513.3991010288098,10.086575430860647,4.004967401428128
26-03-2020,16.80458828349037,5.550551677550101,123,122.23788119733568,1671,-883.0205539747168,662,354.48985547227346,10.137945591576752,4.138428262436914
27-03-2020,18.047184954117327,14.52947259565667,120,146.6854574368028,1273,-558.4493518605838,969,317.81849111307275,10.559781729057319,4.1750033346672
28-03-2020,16.853330324145908,7.526507908917087,124,73.3427287184014,651,-542.0361205045635,889,598.9656178669449,10.838956657150273,4.564943253467844
29-03-2020,21.290401567091088,7.9200592153960025,50,134.46166931706924,636,-1179.127007407659,756,366.71364359200703,11.03399563922243,4.690117252931323
30-03-2020,17.360366925286126,7.097149505526469,75,12.223788119733568,434,437.32083375107175,812,256.6995505144049,11.392877854116907,4.7340669417698304
31-03-2020,13.688405552365834,6.844529140860727,42,0.0,364,574.5180416274777,837,782.3224396629483,11.747580157289777,5.210267613326051
01-04-2020,13.878972572921201,7.221880762138906,12,-73.3427287184014,181,1287.6871958083111,727,268.9233386341385,11.897010147050844,5.184415584415585
02-04-2020,11.725991609937452,6.416688671771851,18,-61.11894059866784,143,99.24420963481849,760,403.38500795120774,12.074590860970826,5.261596281277816
03-04-2020,11.873009296423854,5.721231766612642,15,-122.23788119733568,198,1909.8187560323368,766,488.9515247893427,12.25182972118137,5.466360856269113
04-04-2020,12.856187290969899,5.294896308280629,-74,-134.46166931706924,180,1228.0221598865933,681,427.8325841906749,12.325887412542524,5.60790835181079
05-04-2020,12.606244706019803,5.274898307308752,-17,61.11894059866784,-4,-893.7904374175005,525,293.3709148736056,12.320470267084406,5.620880099768395
06-04-2020,11.889266955171616,6.731126812941614,-79,-85.56651683813497,-35,1449.3319799241842,636,378.9374317117406,12.465766860057187,5.712806351397998
07-04-2020,9.014326817548127,4.645712710228839,-106,-305.5947029933392,-285,1779.7188007461168,604,403.38500795120774,12.631835145221483,5.828092243186583
08-04-2020,7.422600619195046,4.997424008243174,-99,-146.6854574368028,-226,1340.771791523532,542,501.1753129090763,12.673035819311156,5.930701047542304
09-04-2020,9.090909090909092,6.371056157875502,-88,-134.46166931706924,-75,1215.7983717668596,610,244.47576239467136,12.726804339047249,5.845511482254698
10-04-2020,7.3857369847649315,5.279099956728689,-108,-207.80439803547065,-177,2222.338440821299,570,452.280160430142,12.772315469212682,5.9086506221593025
11-04-2020,8.291967708314932,3.3979631805718764,-116,-73.3427287184014,-106,138.65111255335583,619,464.5039485498756,12.785100248898345,6.035735037768739
12-04-2020,8.758561643835616,4.103585657370518,-38,-24.447576239467136,-219,-177.8857446773301,431,305.5947029933392,12.726156443659946,6.080841088300064
13-04-2020,8.587302884222566,3.7540453074433655,-83,-48.89515247893427,131,536.5650433858902,566,317.81849111307275,12.829434037964843,6.18903936565855
14-04-2020,11.098248627656,3.1201516979831063,-74,-146.6854574368028,-3,1646.3664945168712,602,293.3709148736056,12.965265127270937,6.277716186252771
15-04-2020,6.100880704563651,2.5716581837664076,-107,-171.13303367626995,-401,1615.166207276344,578,415.6087960709413,13.105870243104961,6.427789934354486
16-04-2020,6.206659125559435,4.460694698354661,-143,-122.23788119733568,-786,1200.8390450877896,525,501.1753129090763,13.12292457130004,6.544362908605737
17-04-2020,5.316185982801918,3.1545223034584735,-124,-146.6854574368028,-1088,1291.8766390445978,575,550.0704653880106,13.19055406706334,6.67360478730324
18-04-2020,5.655731065208586,2.9980201753558973,-79,-85.56651683813497,-734,80.26771051402471,482,403.38500795120774,13.202785277817252,6.74866173846546
19-04-2020,6.00891378086298,2.8696268304204064,-98,-73.3427287184014,7,542.0361205045635,433,342.2660673525399,13.219945019332632,6.821462190147474
20-04-2020,5.438372345298074,3.8300418910831837,-62,-48.89515247893427,-91,658.802924583226,454,305.5947029933392,13.305890921932594,6.895268803869287
21-04-2020,5.235391167555538,3.8159526105524177,-102,-36.6713643592007,-812,-114.0312655193256,534,513.3991010288098,13.398783411340693,7.034869544013655
22-04-2020,5.340644363797721,3.5254380409541906,-87,-171.13303367626995,-314,1615.166207276344,437,330.0422792328063,13.39102211640607,7.055801170988171
23-04-2020,3.969516037084821,1.3577668059248007,-117,-281.14712675387204,-964,2959.9551712415996,464,305.5947029933392,13.448753243882026,7.144126532788342
24-04-2020,4.837702371611126,3.945130937535427,-94,-122.23788119733568,-780,1005.2584351720525,420,464.5039485498756,13.455858731359523,7.220384235881363
25-04-2020,3.6046920641717772,1.6069834341831168,-71,-12.223788119733568,-512,-522.8873505892067,415,537.846677268277,13.505945707982043,7.406129607268127
26-04-2020,4.655821780591394,0.8525149190110827,-93,-61.11894059866784,-183,588.1957344241612,260,330.0422792328063,13.478689768559505,7.526758628584512
27-04-2020,5.433865575102335,2.9459901800327333,-53,-12.223788119733568,-979,161.64478411587308,333,354.48985547227346,13.528137442707132,7.6454860913590075
28-04-2020,3.6509987428411788,1.5748992796972288,-93,-36.6713643592007,-670,20.430403797743644,382,782.3224396629483,13.577330587330339,7.951208493336345
29-04-2020,3.2682093784761936,1.2396694214876034,-68,-73.3427287184014,-488,517.5885442650964,323,354.48985547227346,13.596868230913941,8.0617110799439
30-04-2020,2.7346032488021503,1.166709878143635,-101,0.0,-1094,-366.71364359200703,285,268.9233386341385,13.611696509833887,8.123608017817372
01-05-2020,2.647962483829237,1.0429262394195888,-116,-48.89515247893427,-595,120.95624731494891,269,244.47576239467136,13.612434194033593,8.172173720853133
02-05-2020,3.4288601746914025,1.4790468364831553,-39,-24.447576239467136,-135,188.82789891467692,474,281.14712675387204,13.71531758770924,8.241878841088674
03-05-2020,3.091131634583287,1.3012181616832779,-38,-61.11894059866784,-114,502.62921758602624,174,171.13303367626995,13.707484445963068,8.276012665138115
04-05-2020,3.2446653025431162,1.007695126419934,-22,-24.447576239467136,-403,274.3944157528119,195,146.6854574368028,13.720522039464372,8.316551461383552
05-05-2020,1.945243653077104,0.3976961053208996,-52,-36.6713643592007,-583,57.101768156944345,236,207.80439803547065,13.762070859525005,8.395826540593413
06-05-2020,2.2470161679348926,0.8696634289586628,-94,-97.79030495786854,-543,804.206748137642,369,281.14712675387204,13.841469385471214,8.485307646517668
07-05-2020,1.9912164755042,0.7111281952719585,-22,-36.6713643592007,-523,44.87798003721078,274,256.6995505144049,13.878568318060948,8.564652616827468
08-05-2020,2.080752646021168,0.6053832541678309,-143,-97.79030495786854,-659,596.4023501021713,243,464.5039485498756,13.905656467988122,8.738854871629606
09-05-2020,1.5656850414190917,0.47469771607702643,-134,-476.72773666960916,-793,510.07101176533916,194,195.58060991573709,13.92554107794088,8.799742916822881
10-05-2020,1.5519176438716669,0.6884449244060475,-7,-36.6713643592007,-89,81.54934439641148,165,171.13303367626995,13.94987903409869,8.85055015489798
11-05-2020,1.8262150220913107,0.2976656744477518,-28,12.223788119733568,-100,-234.9875128342745,179,110.01409307760211,13.98409564449944,8.889600341497252
12-05-2020,2.0924436219273765,0.49492998551424433,-47,-61.11894059866784,-693,600.4195225438948,172,244.47576239467136,13.973220743526689,8.976679799808327
13-05-2020,1.43288206154293,0.34578918014500837,-59,-36.6713643592007,-705,57.101768156944345,195,317.81849111307275,14.005150740193782,9.10009036304683
14-05-2020,1.3801547108909789,0.2823363331568731,-38,-48.89515247893427,-698,279.8654928714853,262,378.9374317117406,14.060314842041095,9.249137702308305
15-05-2020,1.1572987561605257,0.43345483203625257,-47,-24.447576239467136,-670,-104.5430159589287,242,232.2519742749378,14.118855662505304,9.328180422468103
16-05-2020,1.2648347041732317,0.3143640174109302,-33,-48.89515247893427,-378,292.08928099121886,153,256.6995505144049,14.131962982737141,9.419907016060861
17-05-2020,1.1231094324553668,0.1362255056062035,-13,24.447576239467136,-69,-482.19881378828256,145,134.46166931706924,14.15396899327966,9.471516815374056
18-05-2020,1.2388067900895456,0.1399036219493238,-13,0.0,-104,-122.23788119733568,99,110.01409307760211,14.169536846019673,9.514511873350923
19-05-2020,1.287247854586909,0.43603302718248443,-33,-48.89515247893427,-236,499.8936790266895,162,207.80439803547065,14.190181694670025,9.58046007264305
20-05-2020,0.9896569685244437,0.2538852131097092,-40,-24.447576239467136,-374,225.49926327387763,161,146.6854574368028,14.219489453035662,9.626904887020494
21-05-2020,0.8956598166827104,0.06794055201698514,-36,-12.223788119733568,-351,-82.83097827879827,156,110.01409307760211,14.247870670070085,9.670133417375775
22-05-2020,0.8649509153621651,0.18485915492957747,-45,-36.6713643592007,-321,142.66828499507932,130,158.90924555653638,14.26409747308207,9.72768770659531
23-05-2020,0.9239055379091285,0.07751337105650724,-23,24.447576239467136,-240,-396.63229695014763,119,134.46166931706924,14.274376763311777,9.780271645078399
24-05-2020,0.9512037833190026,0.17215189873417722,-19,-36.6713643592007,-78,167.11586123454646,50,48.89515247893427,14.263153773199106,9.792518076076705
25-05-2020,0.8512811781731506,0.14725568942436412,-12,-12.223788119733568,-421,63.85447915800454,92,110.01409307760211,14.284534971628187,9.83400534115306
26-05-2020,0.688351770295107,0.0662635633231177,-20,12.223788119733568,-276,-161.64478411587308,78,97.79030495786854,14.293769382576825,9.871761319026433
27-05-2020,0.8674469728477214,0.05540549899577533,-16,-24.447576239467136,-184,164.38032267520978,117,110.01409307760211,14.308273376626186,9.914717731387015
28-05-2020,0.7813632350809693,0.07775545908118967,-16,0.0,-350,-244.47576239467136,70,36.6713643592007,14.301865948595792,9.924183006535948
29-05-2020,0.7153254314826367,0.06963249516441006,-14,-24.447576239467136,-283,139.93274643574264,87,97.79030495786854,14.307550549412698,9.961325389359256
30-05-2020,0.5999250093738283,0.07945967421533572,-25,0.0,-425,-207.80439803547065,111,122.23788119733568,14.329677130969982,10.007312232320066
31-05-2020,0.6559739827783732,0.06238951856088177,-15,-12.223788119733568,-283,39.406902918537405,75,24.447576239467136,14.340032357876396,10.014619883040936
01-06-2020,0.5669873224182965,0.032435939020434644,-11,0.0,-284,-24.447576239467136,60,0.0,14.354815885281543,10.013574188159131
02-06-2020,0.6096742652274775,0.05581525151747715,-16,-12.223788119733568,-188,51.63069103827097,55,36.6713643592007,14.358820632507548,10.025049577288383
03-06-2020,0.8606128850639427,0.041788549937317176,-55,-36.6713643592007,-213,448.2629879884185,71,0.0,14.369472621837527,10.024003339595074
04-06-2020,0.3543330730887034,0.03502013657853266,-15,0.0,-199,-110.01409307760211,88,158.90924555653638,14.396208757633122,10.089732888146912
05-06-2020,0.796579934797318,0.08540925266903915,-22,0.0,-209,-12.223788119733568,85,48.89515247893427,14.40065492408253,10.107437154480024
06-06-2020,0.37249086017796784,0.038778477944740666,-23,0.0,-300,-171.13303367626995,72,134.46166931706924,14.414759732709827,10.160567198415182
07-06-2020,0.39815675653825944,0.008565310492505354,-6,-12.223788119733568,-121,124.97341975667237,53,61.11894059866784,14.425229150886391,10.186102278058698
08-06-2020,1.0327530244910004,0.09002925950934054,-4,0.0,-133,12.223788119733568,65,12.223788119733568,14.435688844685862,10.189190597800595
09-06-2020,0.5145173899605476,0.03375527426160337,-20,-12.223788119733568,-164,76.0782672777381,79,73.3427287184014,14.451882951761965,10.218331509561773
10-06-2020,0.3221741973556197,0.026742734890354787,-14,0.0,-255,-134.46166931706924,71,0.0,14.469615673366897,10.216734396165469
11-06-2020,0.6066717889614547,0.07013606396409033,-13,0.0,-188,-171.13303367626995,53,36.6713643592007,14.46883654750108,10.229699463513725
12-06-2020,0.23081280090625886,0.0,-9,0.0,-234,-36.6713643592007,56,36.6713643592007,14.482554325977022,10.245325277358196
13-06-2020,0.6954773869346733,0.429042904290429,-7,12.223788119733568,-144,-234.9875128342745,78,122.23788119733568,14.494339766153534,10.290443472829482
14-06-2020,0.5979443451801794,0.04912280701754386,-11,0.0,-157,-12.223788119733568,44,12.223788119733568,14.492233816759427,10.291898641968885
15-06-2020,1.0780232682249973,0.022104332449160036,-2,0.0,-96,-24.447576239467136,26,0.0,14.484807619368706,10.291363163371487
16-06-2020,0.44793310865577407,0.010955302366345312,-30,0.0,-216,-24.447576239467136,34,48.89515247893427,14.486315789473684,10.31163831226263
17-06-2020,0.4234179740286483,0.035707909301910375,-14,0.0,-172,12.223788119733568,43,61.11894059866784,14.484417309988732,10.335500650195058
18-06-2020,0.5726175327578499,0.0754503442421956,5,0.0,-227,-48.89515247893427,66,85.56651683813497,14.491999042656376,10.36759735870639
19-06-2020,0.43621070193427297,0.018641066268990585,-7,0.0,-247,-36.6713643592007,47,48.89515247893427,14.520757443983682,10.387314790746036
20-06-2020,0.4787836701874931,0.02478519497686715,-9,0.0,-160,-36.6713643592007,49,48.89515247893427,14.525233448746196,10.40648716082753
21-06-2020,0.5524725613515846,0.11503697617091208,-4,0.0,-155,12.223788119733568,24,0.0,14.521654178843518,10.402702000519616
22-06-2020,0.7524506419991717,0.03562522265764161,-21,0.0,-293,12.223788119733568,23,12.223788119733568,14.517845174262735,10.406816646750142
23-06-2020,0.30134617759664073,0.05222841225626741,-12,0.0,-176,12.223788119733568,18,12.223788119733568,14.518512935817077,10.410389610389611
24-06-2020,0.356700334171892,0.03249214773096502,-8,0.0,-239,-48.89515247893427,30,0.0,14.470573493170711,10.408767464810678
25-06-2020,0.5279962897558017,0.03518958388317058,-4,0.0,-91,36.6713643592007,34,24.447576239467136,14.466888605208046,10.416991223970504
26-06-2020,0.49082777440873254,0.06568575932737783,2,0.0,-153,-158.90924555653638,30,12.223788119733568,14.46401706944045,10.41947876648323
27-06-2020,0.2852439243044123,0.009554748710108925,-8,0.0,-106,24.447576239467136,8,0.0,14.456807808908286,10.418397009966778
28-06-2020,0.4659133508273978,0.16684362202335812,1,0.0,-91,-24.447576239467136,22,12.223788119733568,14.455494985643544,10.417639429312581
29-06-2020,0.4629289440811228,0.061715696358773914,-2,0.0,-43,12.223788119733568,6,0.0,14.450415079272656,10.416018259155514
30-06-2020,0.2941602966461583,0.09307737056428156,-3,-12.223788119733568,-31,186.09236035534022,23,48.89515247893427,14.451446100640956,10.432438037954993
01-07-2020,0.33775241122710686,0.022510692578975013,-6,0.0,-68,-48.89515247893427,21,122.23788119733568,14.449244060475163,10.482658510031625
02-07-2020,0.3775144150404748,0.1691904238220117,-5,0.0,-61,36.6713643592007,30,0.0,14.449641228248554,10.47180071469263
03-07-2020,0.4451453209837113,0.05023106288929074,-3,0.0,-5,-12.223788119733568,15,12.223788119733568,14.442500331696962,10.474267370819096
04-07-2020,0.45182749802926303,0.03430531732418525,-8,12.223788119733568,-21,-173.86857223560665,21,0.0,14.437140407341593,10.472098560927632
05-07-2020,0.5125193529443169,0.14272970561998216,3,12.223788119733568,16,-137.19720787640594,7,0.0,14.428564924610221,10.467763634482045
06-07-2020,0.9383740864386899,0.029394473838918283,-2,0.0,-4,0.0,8,12.223788119733568,14.419462490540445,10.472396129766647
07-07-2020,0.3193040098105,0.1485884101040119,-2,0.0,-6,12.223788119733568,30,122.23788119733568,14.423696870505381,10.516519311307585
08-07-2020,0.3826100747378229,0.07568385771434749,1,12.223788119733568,-38,-137.19720787640594,15,0.0,14.418395285547328,10.512714492454
09-07-2020,0.4357588674075202,0.12072920439454304,-2,-12.223788119733568,-31,137.19720787640594,12,36.6713643592007,14.410615481736073,10.522781279057753
10-07-2020,0.5755635726649011,0.13179966450994487,-4,12.223788119733568,-29,-173.86857223560665,12,24.447576239467136,14.399169136041609,10.527130982497805
11-07-2020,0.40930961659881127,0.08864462370357237,2,0.0,-12,73.3427287184014,7,0.0,14.39090381217904,10.52169874606533
12-07-2020,0.6116207951070336,0.28429282160625446,1,0.0,-51,0.0,9,0.0,14.380752156865972,10.513018819283321
13-07-2020,0.7061379684953829,0.13395847287340926,-3,0.0,-12,24.447576239467136,13,0.0,14.376104921267936,10.509767537755787
14-07-2020,0.27229082570998636,0.279576221306651,-5,-12.223788119733568,7,222.76372471454096,17,24.447576239467136,14.376356104937866,10.509783728115345
15-07-2020,0.33643625255423226,0.2961082910321489,-3,0.0,22,12.223788119733568,13,24.447576239467136,14.372130460851068,10.508718687310324
16-07-2020,0.4560596446700508,0.3265030398558883,-4,0.0,-48,12.223788119733568,20,48.89515247893427,14.366773886500148,10.51361068310221
17-07-2020,0.4589595603443182,0.5931837791199309,-3,0.0,22,24.447576239467136,11,0.0,14.357679522230466,10.483994878361075
18-07-2020,0.5159017921889568,0.37231712658782307,0,0.0,-11,0.0,14,24.447576239467136,14.34877321715203,10.475995705301907
19-07-2020,0.6164672765657987,0.7778317938745746,-1,0.0,-15,0.0,3,12.223788119733568,14.337203498694944,10.455449584332126
20-07-2020,0.7834082381561044,0.6864988558352403,-2,0.0,1,24.447576239467136,13,0.0,14.331382039374715,10.43310092116647
21-07-2020,0.2992345163535143,0.30864197530864196,2,0.0,-9,0.0,15,36.6713643592007,14.330015689350853,10.436683442631285
22-07-2020,0.5717993430390527,0.4437869822485207,-1,0.0,-11,0.0,9,48.89515247893427,14.31731365699174,10.437915461511139
23-07-2020,0.5073701314851354,0.21036527060623447,1,0.0,-9,-85.56651683813497,10,61.11894059866784,14.303532269766608,10.451619443458867
24-07-2020,0.4724940938238272,0.2425222312045271,-3,0.0,-4,24.447576239467136,5,12.223788119733568,14.290891322936602,10.440811781972771
25-07-2020,0.5322134272609395,0.3318702494379617,-5,-12.223788119733568,16,137.19720787640594,5,12.223788119733568,14.276998665929131,10.429509853461344
26-07-2020,0.6292256822780438,0.2744474938610429,3,0.0,12,12.223788119733568,5,0.0,14.264295988103267,10.41950628502196
27-07-2020,0.6653359946773121,0.3325020781379884,1,-12.223788119733568,3,137.19720787640594,5,0.0,14.256595990027854,10.41109709962169
28-07-2020,0.44010795100685074,0.2668148971650917,-5,0.0,3,24.447576239467136,11,61.11894059866784,14.249375223134594,10.42369892689808
29-07-2020,0.5159056017708593,0.40210627094303497,-2,0.0,-15,-24.447576239467136,6,48.89515247893427,14.235176840535546,10.42179880347896
30-07-2020,0.6240098289631091,0.9041007426541815,9,36.6713643592007,28,-411.5916236292178,3,0.0,14.214389176154524,10.363445483177523
31-07-2020,0.6218823838277763,0.8323255317635342,-6,0.0,-47,24.447576239467136,9,12.223788119733568,14.196261568977567,10.308151093439363
01-08-2020,0.488548101286786,0.30092895459897945,2,12.223788119733568,-3,-198.31614847507382,5,12.223788119733568,14.181380935472417,10.289596350292571
02-08-2020,0.5523585014675634,0.6950880444856349,-1,0.0,0,-12.223788119733568,8,0.0,14.171000120933607,10.266686457869477
03-08-2020,0.6615077383924114,0.7170795306388527,-1,0.0,26,-24.447576239467136,12,12.223788119733568,14.166757308775365,10.260465576039143
04-08-2020,0.4339088334703572,0.27932960893854747,0,12.223788119733568,28,-51.63069103827097,5,12.223788119733568,14.157934779545847,10.255270824075446
05-08-2020,0.6802359568475315,0.43400021170742037,0,12.223788119733568,3,-124.97341975667237,10,0.0,14.140102812265125,10.23455208435991
06-08-2020,0.6851533073134151,0.6168900233992768,1,0.0,-1,36.6713643592007,6,0.0,14.119757307266337,10.205385220125786
07-08-2020,0.9324954388810055,1.1094943615860313,0,0.0,16,-61.11894059866784,3,12.223788119733568,14.089751597559218,10.119308497686877
08-08-2020,0.65105632481519,0.4445698962670242,1,0.0,-7,-24.447576239467136,13,61.11894059866784,14.075400934814857,10.112632294397514
09-08-2020,1.2301724366979303,1.3302752293577982,2,0.0,-7,-12.223788119733568,2,0.0,14.050190369004573,10.08423702556158
10-08-2020,0.9798728813559322,1.2422360248447204,1,0.0,15,12.223788119733568,4,0.0,14.037276985946377,10.074482491777907
11-08-2020,1.013729639289405,0.9391706400809131,3,0.0,24,48.89515247893427,6,24.447576239467136,14.016645637386214,10.05255291451714
12-08-2020,0.9134414523908998,0.6096941367747181,4,0.0,-21,0.0,10,85.56651683813497,13.994112342231032,10.057208788039036
13-08-2020,1.0217238415253576,0.834575260804769,2,0.0,5,-36.6713643592007,6,24.447576239467136,13.96753027930303,10.026334689968877
14-08-2020,1.2285170044731717,1.4692272096251735,1,0.0,-16,36.6713643592007,3,12.223788119733568,13.937003825022051,9.970493051589568
15-08-2020,1.1840445757957947,1.019367991845056,-1,-24.447576239467136,-9,335.51335635147973,158,12.223788119733568,13.964756666324703,9.91860685216733
16-08-2020,1.3013828891243513,0.8968609865470852,1,0.0,25,-36.6713643592007,4,0.0,13.94009806431286,9.882131070249882
17-08-2020,1.043500945672732,0.5370067709549381,2,0.0,24,24.447576239467136,4,0.0,13.924125317127855,9.860745201354911
18-08-2020,0.7466281310211946,0.6847751654873316,0,24.447576239467136,31,-213.27547515414406,5,24.447576239467136,13.904161234075307,9.842371927190843
19-08-2020,0.90301708980941,0.41447137337548295,8,0.0,31,-36.6713643592007,7,12.223788119733568,13.871935693635958,9.819883040935672
20-08-2020,1.0911391751246093,1.1960282834361367,2,12.223788119733568,11,-186.09236035534022,6,12.223788119733568,13.828782045775775,9.752020061298412
21-08-2020,1.315350852825157,0.9263695895224405,1,-12.223788119733568,35,222.76372471454096,9,24.447576239467136,13.781339349969851,9.709006928406467
22-08-2020,1.3788397662023328,1.152239665850497,-5,-24.447576239467136,-1,298.841991992279,3,24.447576239467136,13.725323085505314,9.64695093993581
23-08-2020,1.796024995918125,1.3689577039274925,5,0.0,57,-12.223788119733568,7,0.0,13.664038250207254,9.583238442268277
24-08-2020,2.075619636712114,1.2251795521757498,-4,0.0,65,0.0,4,0.0,13.61554833306441,9.532871188437316
25-08-2020,1.2136962441768844,0.9045302523563393,1,12.223788119733568,18,-100.52584351720525,4,36.6713643592007,13.571412162006938,9.495268138801261
26-08-2020,1.4615787616675042,0.9129300707986585,3,12.223788119733568,-1,-137.19720787640594,13,110.01409307760211,13.505751504532643,9.47307158526212
27-08-2020,1.5006806772738874,0.8474032227001348,-2,-12.223788119733568,71,283.8826653132088,5,12.223788119733568,13.43555004944137,9.421870132182118
28-08-2020,1.506207180755164,0.9051290646999665,7,12.223788119733568,56,-234.9875128342745,9,24.447576239467136,13.36503283611332,9.37444700053088
29-08-2020,1.4569964079589943,0.8652799266517678,5,0.0,-12,48.89515247893427,1,12.223788119733568,13.293086455838983,9.31663370687761
30-08-2020,1.7791275106552142,1.5170494084899095,7,12.223788119733568,85,-161.64478411587308,4,0.0,13.226927350140556,9.27221833449965
31-08-2020,1.70204039782631,0.9764158029142256,8,12.223788119733568,38,-149.4209959961395,6,0.0,13.180220939475658,9.245933097823716
01-09-2020,1.2066625539790252,1.470142467414368,13,12.223788119733568,97,82.83097827879827,8,24.447576239467136,13.135619880898187,9.21566924346391
02-09-2020,1.287891296535514,0.9152675613453871,2,0.0,46,12.223788119733568,6,12.223788119733568,13.073679170579894,9.15520289792574
03-09-2020,1.5055501670438625,0.8558457989134479,11,36.6713643592007,77,-399.3678355094842,10,0.0,13.010420941548924,9.110024030209406
04-09-2020,1.532475571472786,1.398995592907656,1,-24.447576239467136,92,372.18472071068044,11,36.6713643592007,12.932377914682279,9.017262586418967
05-09-2020,1.5735012725482547,1.179422835633626,0,-12.223788119733568,12,137.19720787640594,15,48.89515247893427,12.858574856063429,8.96276036187671
06-09-2020,1.687571562402415,1.8911780243000529,12,36.6713643592007,75,-411.5916236292178,8,0.0,12.80138599739225,8.895756765786835
07-09-2020,2.1083477632104732,1.3558655924543133,9,12.223788119733568,33,-63.85447915800454,12,0.0,12.752883953168045,8.870195310873276
08-09-2020,1.4826358451565425,1.10479797979798,1,-12.223788119733568,33,234.9875128342745,10,24.447576239467136,12.694134990523036,8.839870636039473
09-09-2020,1.4939056151682466,0.8425925925925926,7,0.0,24,-122.23788119733568,14,36.6713643592007,12.634640585546713,8.819034243463175
10-09-2020,1.6955810842375725,1.2873281373150014,14,0.0,65,0.0,10,0.0,12.566918567695458,8.765807193299393
11-09-2020,1.6343042071197411,1.1338314326910472,11,-12.223788119733568,10,234.9875128342745,10,36.6713643592007,12.499122178682285,8.716213461616862
12-09-2020,1.619096930080038,0.9589993050729674,7,12.223788119733568,98,-39.406902918537405,6,36.6713643592007,12.435687415516055,8.67961243766976
13-09-2020,2.0209860970572335,1.7552533992583437,5,24.447576239467136,89,-323.28956823174616,7,12.223788119733568,12.375196783352388,8.633963480994801
14-09-2020,2.224723564854665,1.2907768129547055,10,0.0,85,12.223788119733568,14,24.447576239467136,12.336846042228695,8.622908622908623
15-09-2020,1.5263857322056211,1.4159074119674957,4,12.223788119733568,94,-63.85447915800454,9,24.447576239467136,12.28766509189972,8.591216621962449
16-09-2020,1.4432395360163806,0.9687442880643392,6,-12.223788119733568,65,198.31614847507382,12,61.11894059866784,12.230563885781734,8.556766648102474
17-09-2020,1.5573875192831104,0.9413593574574661,5,-24.447576239467136,62,298.841991992279,13,0.0,12.168927565907346,8.51982413752129
18-09-2020,1.9100752211059806,1.4685022945348352,-4,-48.89515247893427,30,622.1315602240252,10,24.447576239467136,12.093635143016018,8.468709436337175
19-09-2020,1.5868556426377842,1.1148405658115559,7,24.447576239467136,4,-152.1565345554762,24,61.11894059866784,12.034973311438485,8.426724979499395
20-09-2020,1.9022390564318934,1.579620160701242,7,0.0,-15,-12.223788119733568,15,48.89515247893427,11.97594547820604,8.385695446435498
21-09-2020,2.4166696502094447,1.5617892342683852,10,24.447576239467136,113,-213.27547515414406,17,0.0,11.927640848597356,8.352327602858798
22-09-2020,1.5944469262224665,1.1858495266567015,7,24.447576239467136,126,-127.70895831600907,14,36.6713643592007,11.877153976277597,8.32564220889094
23-09-2020,1.5815460577071438,1.2534469791927803,5,24.447576239467136,52,-298.841991992279,20,24.447576239467136,11.81938076995541,8.28553949682649
24-09-2020,1.653412825521436,1.6042434827608514,2,12.223788119733568,70,-76.0782672777381,23,24.447576239467136,11.757573367770428,8.215286720702977
25-09-2020,1.7824348134130084,1.381449111925571,-2,24.447576239467136,2,-323.28956823174616,20,48.89515247893427,11.690695054451647,8.169787202045267
26-09-2020,1.7904528341651738,1.3158696314346634,3,24.447576239467136,14,-188.82789891467692,17,12.223788119733568,11.625295354815258,8.107704930260311
27-09-2020,2.013361607041065,1.6420530827222968,7,0.0,104,12.223788119733568,17,24.447576239467136,11.564527059734727,8.067326585845104
28-09-2020,2.9231642176524684,3.7631091918568784,10,0.0,134,85.56651683813497,16,0.0,11.514176333808662,8.012962144645751
29-09-2020,1.8273548816322005,1.2531328320802004,7,0.0,68,146.6854574368028,24,12.223788119733568,11.461258550019009,7.97552754982415
30-09-2020,1.7534386722746391,1.245480112494978,9,0.0,1,73.3427287184014,19,12.223788119733568,11.399951089528395,7.934137189902007
01-10-2020,2.155012009878548,2.435153770384152,11,36.6713643592007,52,-326.02510679108286,24,61.11894059866784,11.315999231275736,7.825494694579868
02-10-2020,2.0772894655904772,1.0248430541396147,3,-24.447576239467136,37,115.4851701962755,23,73.3427287184014,11.234792502844568,7.793641186313953
03-10-2020,2.391282413479972,1.3875622140666632,3,-12.223788119733568,63,222.76372471454096,27,48.89515247893427,11.144194750752128,7.731904241441314
04-10-2020,2.7805940850357014,2.0363579620816106,6,-12.223788119733568,85,186.09236035534022,18,12.223788119733568,11.06141782626203,7.664896590273896
05-10-2020,3.7466177520293487,3.2922988834812483,20,0.0,214,48.89515247893427,16,0.0,10.990091151636516,7.603798433492757
06-10-2020,2.68392452527521,1.8725849598731794,-4,-61.11894059866784,114,1003.8045304951027,28,48.89515247893427,10.90948728740428,7.568088696071342
07-10-2020,2.9350272116443494,2.4729622790820365,18,12.223788119733568,179,-63.85447915800454,31,24.447576239467136,10.798646463436546,7.478414576109865
08-10-2020,3.480148011678559,2.895388607147069,21,36.6713643592007,146,-423.81541174895136,22,73.3427287184014,10.662888078534744,7.375706309137718
09-10-2020,4.149191710885063,4.153577661431065,29,24.447576239467136,169,-335.51335635147973,28,36.6713643592007,10.50440701631905,7.241673223183844
10-10-2020,4.301042950317093,3.7409975993598295,3,-12.223788119733568,224,418.344334630278,29,85.56651683813497,10.340663931283514,7.133429905037824
11-10-2020,5.213170517303981,3.931777378815081,30,48.89515247893427,210,-463.22231466748883,26,24.447576239467136,10.18904070995915,7.040599308002412
12-10-2020,5.406006413707544,5.16698172652804,32,61.11894059866784,304,-612.6433106636283,39,12.223788119733568,10.068999274130974,6.971191605667431
13-10-2020,5.243282627239124,11.969397828232971,62,48.89515247893427,285,-206.52276415308387,41,85.56651683813497,9.91772170948403,6.888228741180839
14-10-2020,4.817472206891114,3.114482104764162,25,24.447576239467136,357,-286.61820387254545,43,0.0,9.734199930793805,6.750978072968793
15-10-2020,5.403481206883853,3.153910849453322,47,61.11894059866784,348,-588.1957344241612,83,134.46166931706924,9.531396585971772,6.6630923658892565
16-10-2020,6.65660307094835,9.554831704668839,52,0.0,387,244.47576239467136,55,85.56651683813497,9.301832686007288,6.54666394375237
17-10-2020,6.5877940387247715,5.467646227747951,67,36.6713643592007,454,-57.101768156944345,47,36.6713643592007,9.06105292445893,6.410658754386465
18-10-2020,7.987525675408247,7.778317938745746,45,12.223788119733568,492,473.9921981102724,69,110.01409307760211,8.82167627057679,6.292711500376559
19-10-2020,9.445489672472739,11.342069588793493,47,0.0,547,220.02818615520422,73,-12.223788119733568,8.64445273361695,6.203064396335928
20-10-2020,7.5129372586139,6.030027073590943,73,85.56651683813497,804,-190.2818035916268,89,158.90924555653638,8.448632635821467,6.1558505007735524
21-10-2020,8.546061805586794,7.245121516278596,56,61.11894059866784,586,-930.4618017767012,127,171.13303367626995,8.191296302885814,5.963674376061675
22-10-2020,9.436475890886896,9.17590027700831,66,36.6713643592007,647,334.05945167452984,136,232.2519742749378,7.937714450127328,5.8120737559989895
23-10-2020,10.516282851366793,9.522639306997604,57,61.11894059866784,846,-502.62921758602624,91,85.56651683813497,7.643095351527938,5.610111813320369
24-10-2020,11.056515205241206,9.902067464635474,79,48.89515247893427,760,-145.40382355441605,151,110.01409307760211,7.375487850563617,5.404837994821433
25-10-2020,13.1412157153447,12.171461736174447,80,36.6713643592007,720,40.6885368009242,128,146.6854574368028,7.101422262458586,5.2529490042176965
26-10-2020,13.643873410005934,14.577146546158811,76,61.11894059866784,987,-355.9437601492234,141,36.6713643592007,6.904893061576414,5.129107464918841
27-10-2020,12.61138315806374,11.148451198129749,127,85.56651683813497,1009,-324.74347290869605,221,146.6854574368028,6.675189189380606,4.988083077970718
28-10-2020,12.56132132373638,13.324628489709632,125,85.56651683813497,1024,-422.5337778665646,205,134.46166931706924,6.427125334454682,4.792917472270275
29-10-2020,13.318805472271311,16.56846570822531,115,85.56651683813497,973,-336.9672610284296,217,195.58060991573709,6.182664471816995,4.626883147295293
30-10-2020,14.451960852686147,13.817147575576861,95,244.47576239467136,1010,-2523.9159713729146,199,207.80439803547065,5.916711184947983,4.401356531996461
31-10-2020,14.710541674772797,14.886570624275542,97,73.3427287184014,974,-529.81233238483,297,158.90924555653638,5.683882077623891,4.215756852141239
01-11-2020,16.301912709790304,16.22918430708439,96,110.01409307760211,935,-855.8374391759129,208,207.80439803547065,5.4735773647148385,4.080806035137462
02-11-2020,16.394928203579138,19.71651130123867,83,48.89515247893427,925,-47.6135185965475,233,110.01409307760211,5.338933935493748,3.9919732881556658
03-11-2020,15.49424808132231,19.944454087831975,203,73.3427287184014,1394,863.6995132647967,353,378.9374317117406,5.186956538905465,3.895712814010619
04-11-2020,14.4218740410988,12.733260153677278,67,85.56651683813497,866,-165.8342273521597,335,244.47576239467136,5.028865971555346,3.7814164288657275
05-11-2020,15.692365065216205,19.799818016378527,99,183.35682179600352,1172,-1006.7123398490023,445,464.5039485498756,4.872472205014311,3.6572425321607676
06-11-2020,16.14079275971739,16.480879780054988,124,61.11894059866784,774,-417.06270074789126,446,330.0422792328063,4.710663617258291,3.527437163624258
07-11-2020,17.184134534451577,19.644696189495367,119,85.56651683813497,1099,457.5789667542523,425,305.5947029933392,4.549967312657204,3.383087198809069
08-11-2020,17.063575105679487,29.431848025912632,115,110.01409307760211,1327,-562.4665243023073,331,73.3427287184014,4.426673396755869,3.2471710252431594
09-11-2020,17.10678625825013,15.849137316412378,100,122.23788119733568,1181,-39.57917371310061,356,256.6995505144049,4.347269238098114,3.184361655131792
10-11-2020,16.117892339202232,16.467993801406603,122,110.01409307760211,1019,378.7651609171774,580,586.7418297472112,4.2522926517610395,3.136905821612961
11-11-2020,14.6077823081014,20.763996496665094,110,48.89515247893427,799,343.54770123492665,623,562.2942535077441,4.176584754925984,3.0788783677021194
12-11-2020,16.18343901274971,20.707686944396027,89,61.11894059866784,408,463.05004387292564,636,464.5039485498756,4.087486789678555,2.9999669970627387
13-11-2020,16.045789068997443,20.431874858308774,60,73.3427287184014,1012,8.034344883446982,550,452.280160430142,3.9861718066328726,2.924682030770533
14-11-2020,16.361799776016163,19.441425777004998,76,110.01409307760211,500,-770.270922337778,544,635.6369822261455,3.9039729081771735,2.8710085233065534
15-11-2020,17.40058891307131,18.463166247850815,116,158.90924555653638,689,-989.0174746105953,546,354.48985547227346,3.837750280222209,2.820294222609937
16-11-2020,17.91789759142687,21.011007801645828,70,134.46166931706924,443,-885.7560925340533,504,268.9233386341385,3.792496937923394,2.787771533031252
17-11-2020,15.442439244356176,16.850962835104376,120,171.13303367626995,588,-1981.879850868351,731,1222.3788119733567,3.7529319781078967,2.7999547024517297
18-11-2020,14.598397165657444,17.56397376041605,58,97.79030495786854,368,112.57736084237565,753,635.6369822261455,3.7110013581147356,2.7713011070517175
19-11-2020,14.459642026332409,21.544202066590127,42,61.11894059866784,90,-172.5869383532199,653,464.5039485498756,3.658309184060257,2.71272772448554
20-11-2020,15.642838241409292,21.721157459601653,36,-146.6854574368028,341,2245.332112383816,699,806.7700159024155,3.6090199863720835,2.6885562031353576
21-11-2020,14.655706607650965,19.69521285406659,10,97.79030495786854,80,-730.8640194192405,692,818.993804022149,3.568264674969269,2.664417085678967
22-11-2020,15.013218753145745,22.067935796939157,43,73.3427287184014,249,-688.7215779413664,562,378.9374317117406,3.5363852397811577,2.6254870315123653
23-11-2020,15.394944442579476,22.784355938284893,9,110.01409307760211,384,-391.33349062603736,630,452.280160430142,3.523758638631927,2.6017792400696362
24-11-2020,12.314281322385892,14.42946399210786,6,122.23788119733568,-123,-687.4399440589797,853,1161.259871374689,3.526132250921292,2.6315376404847113
25-11-2020,11.240092692831087,16.322022458121126,32,61.11894059866784,-238,365.2597389150571,722,929.0078970997512,3.513330641229436,2.6361511731603064
26-11-2020,12.463098005680866,20.787631881332917,-2,-12.223788119733568,-309,442.79191086974515,822,880.1127446208169,3.500289759086017,2.6115951542638896
27-11-2020,12.725142839189777,20.26081802015412,-64,-12.223788119733568,-416,51.63069103827097,827,733.4272871840141,3.489559665508833,2.5903079855099875
28-11-2020,11.650438169425511,19.107445239525866,-20,73.3427287184014,-341,1792.7074103645477,686,1014.5744139378861,3.474713204971199,2.584910478676617
29-11-2020,11.669888206902009,19.764368250132165,-9,24.447576239467136,-409,-2865.8374971363282,541,403.38500795120774,3.4635857928888742,2.5607811183307914
30-11-2020,12.547117771444332,22.292710072342793,-9,110.01409307760211,308,-1014.7466847324494,672,415.6087960709413,3.4701296365904617,2.5489037859223034
01-12-2020,10.626029654036245,18.559191741708762,-81,-232.2519742749378,-448,3425.740753673862,785,1307.9453288114917,3.4771401831450532,2.577517940686033
02-12-2020,9.997441381074909,18.737792146561596,-47,85.56651683813497,-323,-1058.1707600927102,684,843.4413802616161,3.4749422822716722,2.5757244432074957
03-12-2020,10.554563343285752,16.551118506193383,-19,-12.223788119733568,-654,-82.83097827879827,993,1161.259871374689,3.4861238001019923,2.5775131076445077
04-12-2020,11.327858757832294,28.53844377741861,-30,24.447576239467136,-583,-567.7653306264176,814,1014.5744139378861,3.4845545043367463,2.569564722689288
05-12-2020,10.796783325811349,22.01269376296839,-50,36.6713643592007,-1062,-264.906166192415,662,1320.1691169312253,3.4803691949255873,2.5790303142671736
06-12-2020,11.548150412717824,23.886808156471076,-63,-48.89515247893427,220,781.0408057805615,564,452.280160430142,3.4749704721790664,2.5476704851466576
07-12-2020,12.336243559887427,27.528878333153408,-72,110.01409307760211,124,-978.0753203732486,528,623.413194106412,3.4779923985269923,2.539347671916996
08-12-2020,9.945588077624102,20.174482006543077,-37,24.447576239467136,-408,-274.3944157528119,634,1381.2880575298932,3.4847051941681833,2.5587326843878695
09-12-2020,10.766828444819582,22.476384515651045,-25,0.0,-416,268.9233386341385,499,354.48985547227346,3.4877854915038227,2.5396404242924135
10-12-2020,9.906985418390779,20.862951732365662,-29,134.46166931706924,-569,-836.860940055119,887,1809.120641720568,3.5042444745731607,2.562961794918003
11-12-2020,9.83478279136207,23.822085889570552,-26,232.2519742749378,-523,-3095.6984744410556,761,1320.1691169312253,3.5100474950342577,2.567635339568258
12-12-2020,10.131898451936733,21.07830976598032,-66,-48.89515247893427,-536,1074.4117206541673,649,1344.6166931706925,3.507332502635867,2.5564328943065897
13-12-2020,11.747447559546028,25.655172413793103,-41,-61.11894059866784,-306,649.3146750228291,484,391.16121983147417,3.4994619550124964,2.518346001122529
14-12-2020,11.613762743280816,30.656697009102732,-63,61.11894059866784,8,-197.03451459268703,491,317.81849111307275,3.5032442635998526,2.494960458985889
15-12-2020,9.027494815454506,19.66824644549763,-92,12.223788119733568,-452,449.5446218708053,846,2016.9250397560386,3.52068026105328,2.5367142639361755
16-12-2020,8.808505732145631,18.987215838432075,-77,12.223788119733568,-430,-88.30205539747168,680,941.2316852194847,3.5239367336389598,2.5268310677095016
17-12-2020,9.407589907229656,22.486718430731507,-71,61.11894059866784,-464,-649.3146750228291,683,1124.5885070154882,3.5260601654342243,2.517450453394729
18-12-2020,10.006674082313681,22.397744800808468,-36,-158.90924555653638,-623,1612.4306687170072,674,1307.9453288114917,3.5328742445797587,2.517923716661887
19-12-2020,9.256179583960042,16.999201915403034,-35,0.0,-404,-1112.3647188957548,553,1393.5118456496268,3.5316856914796735,2.5261201385564225
20-12-2020,10.991122107407946,28.65289194993705,-41,0.0,-212,378.9374317117406,352,635.6369822261455,3.522400591853818,2.50503634930367
21-12-2020,12.370148710305044,25.64280750521195,-12,73.3427287184014,16,-554.2599086242972,415,574.5180416274777,3.524037526463122,2.4969704700554884
22-12-2020,8.444881265654228,18.882489890944736,-44,48.89515247893427,-229,-267.6417047517517,628,1833.568217960035,3.532065319085452,2.5297859722896114
23-12-2020,7.898229125875647,16.301655902491138,-63,12.223788119733568,-421,-283.8826653132088,553,1417.9594218890938,3.5351668626881834,2.543539356923145
24-12-2020,9.309670394319243,16.7452212621105,-35,12.223788119733568,-448,-503.910851468413,505,1369.0642694101596,3.5285621930237987,2.5498080789617985
25-12-2020,12.49688185172056,36.36759581881533,-5,-61.11894059866784,-638,99.24420963481849,459,1149.0360832549554,3.518074261198982,2.5354356196122527
26-12-2020,12.788730322200971,14.238148984198645,-4,110.01409307760211,-89,-1149.2083540495184,268,403.38500795120774,3.5132233298001796,2.5223858584581675
27-12-2020,14.885018119875081,25.96685082872928,0,61.11894059866784,263,-233.70587895188774,298,635.6369822261455,3.5124842750095717,2.509017170021442
28-12-2020,12.499817999155516,25.652374366067313,-15,-61.11894059866784,346,1541.6512077633795,445,843.4413802616161,3.51946746474332,2.5086881865310517
29-12-2020,8.718347056082026,16.974617991177034,-16,134.46166931706924,-271,-1729.1974727956695,659,2334.7435308691115,3.5322592113033844,2.559236698917871
30-12-2020,9.584430181312669,16.729228528208864,-21,-97.79030495786854,-101,1500.9626709624554,575,1369.0642694101596,3.5323889505583606,2.5735220315166116
31-12-2020,12.621771574804843,19.853579848616455,27,36.6713643592007,-367,-570.5008691857541,555,1576.8686674456303,3.5193715160552137,2.5756770064007877
01-01-2021,14.100073639572383,22.250520953924518,-2,134.46166931706924,-358,-2010.3445995495415,462,1100.1409307760212,3.5043599627308657,2.562625637853719
02-01-2021,17.61246911007235,26.8949694085656,16,0.0,144,134.46166931706924,364,562.2942535077441,3.5020065841553407,2.5492180488456913
03-01-2021,13.833589061316449,24.138661395086135,14,-85.56651683813497,125,1204.856217529513,347,1075.693354536554,3.4949611356535955,2.549535557029978
04-01-2021,13.847396561229854,20.67863289894271,-4,36.6713643592007,224,-191.5634374740136,348,611.1894059866784,3.493604598558611,2.552201568856623
05-01-2021,11.382173996713691,17.7681290177061,-10,-85.56651683813497,72,813.6949976980388,649,2139.1629209533744,3.4987319050668333,2.5872186658867
06-01-2021,11.383793590002016,17.01112877583466,2,-220.02818615520422,-209,1467.1991159571544,548,1540.1973030864297,3.4913224444752253,2.5988638646866495
07-01-2021,14.858792001649144,20.854839645073362,16,195.58060991573709,131,-2415.1835121776994,414,525.6228891485434,3.4810105203613286,2.580670750835644
08-01-2021,12.499732652726586,19.117481096941656,0,-24.447576239467136,6,-275.67604963519864,620,1295.7215406917583,3.481449043518672,2.5872847936904875
09-01-2021,11.607085795292791,14.918908513402956,6,-97.79030495786854,-47,987.5635699336455,483,1002.3506258181526,3.4720395275893257,2.5879169470683783
10-01-2021,13.32803846649208,14.856711915535445,22,73.3427287184014,183,-273.11278187042507,361,537.846677268277,3.459490944616078,2.5836929080444495
11-01-2021,13.672863751418348,15.589491864375965,27,36.6713643592007,181,-448.2629879884185,448,464.5039485498756,3.4601255296478275,2.5814995429282486
12-01-2021,10.054998199673824,13.44929728367051,-6,12.223788119733568,76,33.935825799864006,616,2029.1488278757722,3.4654748502450654,2.619766418824504
13-01-2021,8.991671844449892,9.88301946178461,-57,-281.14712675387204,-238,2605.465315769326,507,1112.3647188957548,3.4637668410494706,2.634041663381542
14-01-2021,10.739483762493384,13.92914653784219,-22,-97.79030495786854,-380,-173.6963014410435,522,1234.6026000930904,3.4605455940835834,2.649806838101397
15-01-2021,9.69632358104528,5.64301030280843,-35,-12.223788119733568,-282,-608.4538674273417,477,904.560320860284,3.4570738340851115,2.665206155849617
16-01-2021,9.46272131348404,10.277037826318594,-2,134.46166931706924,-24,-2352.6106669020814,475,892.3365327405504,3.4533229367767495,2.6724797256092425
17-01-2021,9.351103848051308,12.526306157928447,-17,0.0,-42,-293.3709148736056,377,562.2942535077441,3.450963495637005,2.6756368807265605
18-01-2021,9.830710511536214,11.841480778357855,41,-24.447576239467136,185,-459.0328714312021,377,574.5180416274777,3.4539948504289777,2.682421365778654
19-01-2021,7.017608650692823,6.858740055901957,-57,-220.02818615520422,-283,1626.1083615136909,603,1980.253675396838,3.4640118837056435,2.727845212193505
20-01-2021,7.64323028175045,7.93715687419694,-26,-36.6713643592007,-199,-419.62596851266477,524,843.4413802616161,3.4662487997925577,2.73843561558414
21-01-2021,8.07125753294799,6.699619263910226,-43,-122.23788119733568,-441,88.47432619203488,521,1320.1691169312253,3.4676415367464495,2.765059225294143
22-01-2021,8.544878817839297,8.38935574229692,-28,-171.13303367626995,-339,1236.2287755646034,472,916.7841089800175,3.467611085675065,2.778847958588942
23-01-2021,8.165452632832503,7.635285396590067,-4,-61.11894059866784,-264,-438.6024676334585,488,1124.5885070154882,3.4686591845421018,2.799646885470781
24-01-2021,8.227706029361148,9.103894867155509,14,0.0,-76,-574.5180416274777,299,342.2660673525399,3.4644296101893413,2.8000510349294836
25-01-2021,11.934370351112845,8.117575388364301,21,-24.447576239467136,122,-153.43816843786297,420,525.6228891485434,3.4694179299111405,2.8092199369052206
26-01-2021,7.299988005277678,6.123789197176162,-49,-232.2519742749378,-139,2374.494975376775,541,1136.8122951352218,3.476409075623221,2.8326904532304726
27-01-2021,7.295440349781386,5.2917312969812675,-20,-85.56651683813497,-165,446.98135410603174,467,757.8748634234812,3.47396614433298,2.830893168292186
28-01-2021,8.186324537104534,7.34086659621169,-64,-110.01409307760211,-427,0.1722707945631824,492,635.6369822261455,3.4736933747351926,2.842447299045849
29-01-2021,8.446206364937781,7.03412512546002,-18,-110.01409307760211,-335,134.63394011163243,477,647.8607703458791,3.4739251977999817,2.8504892342727746
30-01-2021,7.7170649379534115,5.729049651763648,-52,-220.02818615520422,-333,1601.6607852742238,421,733.4272871840141,3.473113165049888,2.862496230180374
31-01-2021,8.800761785928303,5.306663945300541,-3,-61.11894059866784,47,588.1957344241612,237,110.01409307760211,3.4670932444246683,2.8608036901196408
01-02-2021,10.097556467901414,10.346191889218595,37,-36.6713643592007,204,167.11586123454646,329,476.72773666960916,3.4692109238850946,2.8686099873678823
02-02-2021,6.607068806022521,4.6927717002351494,-38,-256.6995505144049,-18,3040.050610961061,498,929.0078970997512,3.47555908952279,2.8871809929911016
03-02-2021,7.543800773755628,5.518264127380581,-69,-207.80439803547065,-277,902.1693238900737,476,696.7559228248134,3.4762500048378544,2.8995524693815797
04-02-2021,8.177475935970191,5.6751794358203975,6,0.0,-253,-904.560320860284,422,757.8748634234812,3.4742204457763513,2.910993167980028
05-02-2021,8.818659127625201,5.210493103759127,-9,-48.89515247893427,-183,84.2848829557482,377,305.5947029933392,3.469748539146956,2.9127536773911364
06-02-2021,7.996410922580386,5.711152353635904,-32,-171.13303367626995,-190,1052.8719537686,385,770.0986515432148,3.4666515307238055,2.9250173863564517
07-02-2021,8.895747878000243,5.984555984555985,-3,-61.11894059866784,-113,527.0767938254934,270,342.2660673525399,3.461587764882214,2.9292757136184018
08-02-2021,10.178956220108267,8.870383779869659,36,0.0,300,0.0,307,220.02818615520422,3.4627654405573094,2.9308681976058852
09-02-2021,7.225917558023794,7.5198455267110065,0,-73.3427287184014,-51,847.6308234979027,422,794.5462277826819,3.4648191045972254,2.9448485591815814
10-02-2021,6.989310249222143,4.34516054870105,-15,-134.46166931706924,-247,897.979880653787,336,378.9374317117406,3.4605995054466083,2.946924001041382
11-02-2021,8.122993549907225,5.037231712658782,-2,-12.223788119733568,-325,-266.18780007480177,391,378.9374317117406,3.455649412332028,2.950096239613164
12-02-2021,8.320476950030072,6.071302506177197,-31,-146.6854574368028,-235,1316.3242152840648,316,415.6087960709413,3.4495657873663106,2.953748544201629
13-02-2021,8.063079582962226,6.826513425146141,-33,-146.6854574368028,-238,912.9392073328572,311,354.48985547227346,3.443830074969963,2.9564431704885346
14-02-2021,8.164456149757921,5.246366536689117,23,24.447576239467136,5,-457.7512375488154,221,110.01409307760211,3.4379559120739756,2.9545065712730385
15-02-2021,9.146593611082395,6.2657908034360785,4,-36.6713643592007,47,436.03919986868493,258,134.46166931706924,3.438158039852368,2.955712491762921
16-02-2021,6.306634131027298,4.475743348982785,-15,-97.79030495786854,-71,657.5212907008391,336,513.3991010288098,3.437410912796837,2.9628917277279014
17-02-2021,6.738820318799231,3.6760310818888224,-31,-61.11894059866784,-205,465.95785322682553,369,855.6651683813498,3.435747987485359,2.98005860379252
18-02-2021,7.873173526883774,7.126794672202041,2,12.223788119733568,-278,-687.2676732644165,342,366.71364359200703,3.431025829062722,2.9797337351183124
19-02-2021,8.370902959120343,5.739495064208963,14,0.0,-120,-488.9515247893427,353,391.16121983147417,3.4246329042368573,2.983561601626893
20-02-2021,8.85490155467243,22.01769911504425,4,24.447576239467136,-116,-494.42260190801613,251,220.02818615520422,3.4153421780416027,2.9776941517362463
21-02-2021,8.580600559901983,4.121462602606051,31,24.447576239467136,106,-372.18472071068044,232,134.46166931706924,3.4072487777859255,2.97451509462278
22-02-2021,10.493555859119796,2.81282316442606,24,12.223788119733568,344,-39.406902918537405,274,110.01409307760211,3.405344637181729,2.9726374244685276
23-02-2021,8.068254810511911,10.751164203280016,28,24.447576239467136,144,141.21438031812943,356,256.6995505144049,3.401924042480621,2.969415809655021
24-02-2021,7.746020898549447,3.2289264191652407,11,-24.447576239467136,-95,176.60411079494335,318,256.6995505144049,3.393499321061419,2.967720755198755
25-02-2021,9.675250884297125,8.261530663963507,11,36.6713643592007,40,-472.71056422788564,308,342.2660673525399,3.380728515723731,2.964481329308429
26-02-2021,10.515310017891126,6.430187577549084,26,0.0,50,-110.01409307760211,253,281.14712675387204,3.3655102610903787,2.96092031703027
27-02-2021,10.46382553340243,7.043997668997669,22,12.223788119733568,76,-234.9875128342745,280,281.14712675387204,3.353262318055591,2.9563978649740337
28-02-2021,10.69389360516569,8.85669842504375,15,61.11894059866784,259,-624.8670987833619,192,122.23788119733568,3.339834168870171,2.951322805240269
01-03-2021,12.713993160289325,12.36047953699876,58,0.0,517,305.5947029933392,246,61.11894059866784,3.3333095106097903,2.9474943904263275
02-03-2021,9.168644851652296,6.203113656529806,38,73.3427287184014,438,-615.378849222965,343,268.9233386341385,3.3256706121672823,2.943263045564836
03-03-2021,9.43792535132915,6.389694041867955,84,122.23788119733568,239,-1164.167680728589,347,207.80439803547065,3.3140429946973966,2.937193763919822
04-03-2021,11.457946375893188,9.701200417536535,64,36.6713643592007,374,-93.77313251614505,339,244.47576239467136,3.3001024634234253,2.930193917282852
05-03-2021,10.913759250868448,7.882337960015281,50,-24.447576239467136,203,421.0798731896148,297,305.5947029933392,3.2837169700664446,2.924572175356594
06-03-2021,11.394260495064282,9.84644913627639,46,36.6713643592007,323,-118.2207087556122,307,207.80439803547065,3.2683222384945068,2.9163651067595326
07-03-2021,11.657361581783164,11.164607558139535,34,0.0,431,183.35682179600352,207,183.35682179600352,3.2529895816965424,2.9102799918250564
08-03-2021,12.588354746748935,8.290613399328265,95,61.11894059866784,748,-282.601031430822,318,146.6854574368028,3.2486544937183743,2.9073578293281908
09-03-2021,9.553758610362385,10.210820421640843,56,48.89515247893427,523,221.30982003759098,376,354.48985547227346,3.240115662445467,2.9022109459949257
10-03-2021,9.785956953675182,9.613252863653159,71,85.56651683813497,504,-373.6386253876303,332,171.13303367626995,3.227637601460987,2.893175074183976
11-03-2021,10.681684087322335,5.026296916088931,32,73.3427287184014,326,-676.4977898216329,373,268.9233386341385,3.213193196480044,2.8855572759420074
12-03-2021,12.023425420956604,9.16210295728368,55,0.0,432,403.38500795120774,380,354.48985547227346,3.1980532822051213,2.8779156965533
13-03-2021,11.544274384510489,11.990485962130398,68,195.58060991573709,510,-2134.036385423827,317,293.3709148736056,3.181953615392159,2.8628372650803597
14-03-2021,11.83337897531761,10.385461773266131,100,134.46166931706924,397,-1558.0644391193996,264,97.79030495786854,3.169112623644878,2.8522722782616547
15-03-2021,13.594744290226142,11.278496200506599,75,61.11894059866784,795,-270.3772433110884,354,122.23788119733568,3.165118265411806,2.8483338260759385
16-03-2021,9.428061258024231,7.19326100379289,99,0.0,784,1723.5541248824331,502,1026.7982020576196,3.160732423583131,2.856694748162753
17-03-2021,9.79274938865202,10.85670785266733,61,61.11894059866784,381,-13.67769279668352,431,721.2034990642805,3.151675447390312,2.8556953850693256
18-03-2021,10.93075211951303,8.434554465066563,16,24.447576239467136,132,-91.03759395680838,423,440.05637231040845,3.1407341010448144,2.8517373576208835
19-03-2021,12.001342725928232,8.732885237739607,31,73.3427287184014,179,-810.9594591387021,386,281.14712675387204,3.1280889732320496,2.8430116415237308
20-03-2021,10.167474199451506,8.97248906100689,23,73.3427287184014,195,-590.9312729834978,401,244.47576239467136,3.1177497094297313,2.832569341505717
21-03-2021,11.239249298064134,10.03665241295052,61,122.23788119733568,461,-919.6919183339174,300,122.23788119733568,3.1081253983561075,2.8230415626577186
22-03-2021,22.387010942887123,9.249489448604493,62,48.89515247893427,566,-23.165942357080365,386,171.13303367626995,3.0970834875827618,2.8193156588742325
23-03-2021,9.179984070684903,7.889718302184929,36,207.80439803547065,353,-1684.491763553022,551,635.6369822261455,3.0962248392802,2.8183879924871853
24-03-2021,8.973777164378115,7.941240008641175,42,122.23788119733568,16,-1078.6011638904538,460,342.2660673525399,3.0904755843157905,2.810434295803458
25-03-2021,10.785722723156278,8.077507249044967,32,122.23788119733568,-24,-1041.9297995312531,460,305.5947029933392,3.0825380378076255,2.803122614855184
26-03-2021,10.778478057889822,9.278119251648796,8,12.223788119733568,24,-234.9875128342745,457,403.38500795120774,3.0744543901182673,2.796271637816245
27-03-2021,10.815879032018017,7.856537137726343,7,-36.6713643592007,148,374.9202592700171,380,207.80439803547065,3.0644660758059326,2.7877399876477433
28-03-2021,11.246445698765013,9.479180613201232,44,158.90924555653638,117,-1404.6262706815367,297,134.46166931706924,3.0558658933169194,2.7803086121432514
29-03-2021,12.476917702250836,10.393541876892028,42,134.46166931706924,460,-1020.2177618511225,417,122.23788119733568,3.0565088829172327,2.7776093792419956
30-03-2021,9.025833360276764,6.858097187803039,-5,85.56651683813497,21,-801.4712095783052,529,635.6369822261455,3.0575872415889602,2.7830264295531655
31-03-2021,9.757924119083048,7.992057582526682,-6,-36.6713643592007,-52,986.1096652566956,467,427.8325841906749,3.05142203980305,2.7753253334308505
01-04-2021,10.729369127124464,7.490131414580523,-29,-12.223788119733568,-254,149.4209959961395,501,342.2660673525399,3.0453139004564074,2.7708201658902754
02-04-2021,10.605864138299472,7.734113712374582,23,36.6713643592007,-193,-546.0532929462871,481,354.48985547227346,3.0401763571231744,2.767085105611365
03-04-2021,10.43550014716394,7.661141804788214,10,24.447576239467136,-228,-445.5274494290819,376,391.16121983147417,3.032781069335856,2.764182754946453
04-04-2021,10.991910520185087,8.371551783147375,-11,-48.89515247893427,-78,891.0548988581638,326,293.3709148736056,3.0267723369964648,2.7619307279583114
05-04-2021,13.412208548807248,10.399776348895722,34,61.11894059866784,398,-698.2098275017634,296,207.80439803547065,3.0260313829185765,2.7616932222322084
06-04-2021,10.346390234231173,7.408442829186469,6,110.01409307760211,524,-855.8374391759129,421,183.35682179600352,3.031078954741996,2.761949212959876
07-04-2021,7.087461282008843,5.1152990752663,-60,85.56651683813497,-87,-838.142573937506,627,818.993804022149,3.036812576393913,2.771235612564026
08-04-2021,7.711533305243805,5.552769546387053,-20,24.447576239467136,-425,-604.4366949856183,487,293.3709148736056,3.035854833303834,2.768586825187232
09-04-2021,8.912143856619727,5.0367378989287115,-60,-122.23788119733568,-745,687.4399440589797,718,464.5039485498756,3.0396951606920437,2.7712938807268066
10-04-2021,8.748589321761798,4.792315122893635,-15,12.223788119733568,-447,-234.9875128342745,344,171.13303367626995,3.034647398015544,2.7674369065974194
11-04-2021,9.319217038040133,6.475531389026199,-3,-85.56651683813497,-391,-103.0891112819788,331,342.2660673525399,3.030759607768447,2.768422624093197
12-04-2021,10.231175906883594,7.4980178955714125,8,-36.6713643592007,89,729.4101147422906,358,134.46166931706924,3.032389193124976,2.76709601459345
13-04-2021,7.903253278828139,4.900978654542652,-67,-207.80439803547065,-452,1916.7437378279599,476,513.3991010288098,3.034194535085774,2.771524439279313
14-04-2021,7.754262139260218,5.387100135458998,-36,-110.01409307760211,-552,342.4383381471031,469,293.3709148736056,3.033634683251807,2.770025995705932
15-04-2021,8.743207580635625,5.772411511743301,-73,-195.58060991573709,-819,1400.6090982398132,380,281.14712675387204,3.030116911072105,2.7682571839044434
16-04-2021,8.383803522522323,4.883774189854575,-51,-85.56651683813497,-822,68.04392239429114,429,281.14712675387204,3.0287248127901587,2.7677367548136456
17-04-2021,8.027051189934237,5.402349393806143,-26,-36.6713643592007,-618,-554.087637829734,310,293.3709148736056,3.024697967021159,2.767233440398913
18-04-2021,8.319064608332026,5.921205998912114,-29,24.447576239467136,-455,-677.7794237040197,251,195.58060991573709,3.021267238757551,2.765973346618508
19-04-2021,9.57540003770279,7.248539102325003,-67,24.447576239467136,56,-335.51335635147973,316,85.56651683813497,3.0225104756542547,2.764294795084924
20-04-2021,7.34791821238311,7.486910994764398,-93,-256.6995505144049,-513,2746.6796960874553,390,342.2660673525399,3.023158453101376,2.764863717710368
21-04-2021,6.7129125909570995,3.6270953828056074,-75,-110.01409307760211,-453,916.9563797745808,364,244.47576239467136,3.021768296696022,2.762326998720205
22-04-2021,8.16035232940677,6.210078069552875,-55,-171.13303367626995,-670,1382.9142330014063,360,293.3709148736056,3.0185835302458974,2.7610232303206423
23-04-2021,7.914268749429067,5.1346431485782436,-42,-12.223788119733568,-641,-253.9640119550682,342,244.47576239467136,3.0159542018287455,2.758911112971783
24-04-2021,7.4666437118016695,5.946251412784126,-85,-85.56651683813497,-512,495.876506584966,322,281.14712675387204,3.0135583667572514,2.7579463544302554
25-04-2021,8.607554901610264,6.310798659364015,-32,-12.223788119733568,-256,76.0782672777381,217,110.01409307760211,3.0090287517973975,2.754824314052424
26-04-2021,8.576543003098568,7.310639366913704,-13,24.447576239467136,-8,-457.7512375488154,301,122.23788119733568,3.010213255021135,2.7536640015672256
27-04-2021,6.111701452239175,4.606636435615058,-101,-48.89515247893427,-411,206.52276415308387,373,440.05637231040845,3.0117201706286454,2.7567550395515292
28-04-2021,6.512915319707094,5.098540782512645,-37,-146.6854574368028,-388,1426.338308361667,344,220.02818615520422,3.0102425746465364,2.7546711655484475
29-04-2021,7.356232990321594,6.467133658812708,-71,-24.447576239467136,-543,-31.200287240527306,288,207.80439803547065,3.0066786258034006,2.7525412844706176
30-04-2021,7.1480740707447525,4.339475421643359,-57,-97.79030495786854,-397,1097.5776630112475,263,171.13303367626995,3.0031673127162595,2.750674315791007
01-05-2021,6.521192807224857,4.566185253556304,-61,-85.56651683813497,-563,263.62453231002826,226,244.47576239467136,2.9991200849832875,2.749428918178449
02-05-2021,7.8458307813457,3.6230505895777863,2,-61.11894059866784,27,563.748158184694,144,183.35682179600352,2.9958993878997084,2.750870160864787
03-05-2021,7.337824383558101,5.300757251035862,-34,24.447576239467136,14,-286.61820387254545,256,48.89515247893427,2.9978216153818047,2.7494159697803657
04-05-2021,5.5405680200637155,3.903903903903904,-67,-24.447576239467136,-252,54.36622959760767,305,195.58060991573709,2.9986051109149887,2.7484929760735057
05-05-2021,5.266779783886575,3.80465644520159,-55,-48.89515247893427,-644,255.41791663201815,267,146.6854574368028,2.9973712657232703,2.746450362916052
06-05-2021,5.939407379247714,4.6815834767641995,-60,-110.01409307760211,-658,330.2145500273695,258,85.56651683813497,2.9950286585805,2.742519635805705
07-05-2021,5.820298922488703,2.988018342290814,-55,-48.89515247893427,-531,218.74655227281744,207,122.23788119733568,2.9923667404801715,2.740778627017344
08-05-2021,5.656541987639495,3.397559409120103,-42,-48.89515247893427,-519,108.73245919521534,224,73.3427287184014,2.990406103359046,2.738687923873109
09-05-2021,5.627169062964799,3.711275357760654,-19,-24.447576239467136,-356,78.81380583707481,139,36.6713643592007,2.987757862040616,2.736178978633707
10-05-2021,6.05989502933004,4.327361068934103,-34,0.0,-8,12.223788119733568,198,24.447576239467136,2.9888829423215633,2.7350398705374563
11-05-2021,4.603792577679748,2.793021541485789,-102,-36.6713643592007,-558,326.02510679108286,251,207.80439803547065,2.9899375004547406,2.736377898522997
12-05-2021,4.5225738244551765,3.1636941951607405,-64,-158.90924555653638,-619,1477.968999399938,262,220.02818615520422,2.9905995481082663,2.7374551222180554
13-05-2021,4.693298272345236,2.2489019033674964,-99,-12.223788119733568,-707,-229.51643571560106,201,110.01409307760211,2.9896162506402266,2.736545734362511
14-05-2021,4.322177761610282,2.4278549102275204,-33,-36.6713643592007,-492,44.87798003721078,182,73.3427287184014,2.9885533681785277,2.7350211412963166
15-05-2021,4.119558154645874,2.4625717084091225,-55,-110.01409307760211,-579,929.1801678943143,136,97.79030495786854,2.9870413788885855,2.7346922250721004
16-05-2021,4.570150737121087,2.3231349171561324,-26,-24.447576239467136,-330,115.4851701962755,93,24.447576239467136,2.9851492694852424,2.73336538324234
17-05-2021,4.318980096266424,3.2832210126144807,-25,0.0,-109,-12.223788119733568,140,24.447576239467136,2.9860355702814796,2.7327162300077794
18-05-2021,3.2160804020100504,2.5296660840769016,-65,-85.56651683813497,-525,654.7857521415024,201,146.6854574368028,2.987671060288815,2.73358104108573
19-05-2021,3.3278456443336943,2.031170158405723,-46,-48.89515247893427,-502,267.6417047517517,149,97.79030495786854,2.987303850785795,2.7333190812133306
20-05-2021,3.9868075028695134,2.1577435746373075,-99,-122.23788119733568,-688,919.6919183339174,164,97.79030495786854,2.9871278984247276,2.733317033917818
21-05-2021,3.5181305746927847,1.5122333975319209,-75,-36.6713643592007,-434,44.87798003721078,218,73.3427287184014,2.9886152089793274,2.732963751046715
22-05-2021,3.2694100894154383,1.8483283500951346,-39,12.223788119733568,-401,-369.44918215134373,125,48.89515247893427,2.9882359682822415,2.7323959022359414
23-05-2021,3.4945650198131384,1.5725518227305217,-20,-48.89515247893427,-308,634.3553483437588,72,36.6713643592007,2.9871071945094,2.732245617694182
24-05-2021,3.623408586794689,2.0833333333333335,-28,0.0,-219,-183.35682179600352,110,24.447576239467136,2.98795710367819,2.7317484611703162
25-05-2021,2.4085937052581627,1.6830441145724442,-59,-24.447576239467136,-424,-80.09543971946158,166,24.447576239467136,2.989619551908434,2.7311934405884903
26-05-2021,2.4988082819225004,1.1284616323045016,-45,-24.447576239467136,-425,-177.8857446773301,121,97.79030495786854,2.9896994807258843,2.7314385260646454
27-05-2021,3.010695390705287,1.8318613019299967,-72,-61.11894059866784,-438,355.9437601492234,171,73.3427287184014,2.99082019129951,2.731294206704043
28-05-2021,2.8849798769225807,1.7808097811641712,-64,-24.447576239467136,-507,-67.87165159972801,126,61.11894059866784,2.9911582920141475,2.7312558669627043
29-05-2021,2.58329688106105,1.4561908679555737,-47,-85.56651683813497,-375,764.7998452191046,83,85.56651683813497,2.9907513668822268,2.7316321490273374
30-05-2021,3.063404849119135,1.550726220377853,-34,-12.223788119733568,-196,88.30205539747168,44,12.223788119733568,2.9897037549546335,2.730900353677466
31-05-2021,3.562228304620834,1.9168591224018476,-28,12.223788119733568,-103,-222.76372471454096,82,12.223788119733568,2.990359239996197,2.730749515150227
01-06-2021,2.1535872637718976,1.1969947790653253,-44,-24.447576239467136,-306,29.918653358140535,93,110.01409307760211,2.990803506098139,2.7321913974583936
02-06-2021,2.253678369686568,0.8943951238902875,-56,-36.6713643592007,-346,57.101768156944345,62,36.6713643592007,2.990220685735935,2.7317708825140223
03-06-2021,3.076178960096735,1.25,-41,12.223788119733568,-126,-186.09236035534022,59,24.447576239467136,2.9902278326303624,2.7318367318036874
04-06-2021,2.2470936946647164,0.9823000648688722,-56,0.0,-244,-110.01409307760211,73,61.11894059866784,2.990146696126209,2.7322365688828483
05-06-2021,2.01782827256584,1.0156118851771025,-48,-12.223788119733568,-287,-107.27855451826541,57,12.223788119733568,2.98977365594105,2.731634593156288
06-06-2021,2.5038056937722946,0.9368678803364208,-14,-12.223788119733568,-196,112.74963163693882,51,0.0,2.989371585293359,2.731119192833996
07-06-2021,2.4720636707130796,1.7515923566878981,-15,-12.223788119733568,-54,51.63069103827097,65,12.223788119733568,2.990010151881405,2.731110272615791
08-06-2021,1.7071659668204033,1.149032992036405,-71,-73.3427287184014,-281,713.1691541808335,102,48.89515247893427,2.991081293948992,2.731216257632553
09-06-2021,1.7176596886741815,0.9828009828009828,-27,-48.89515247893427,-259,475.4461027872224,77,85.56651683813497,2.9913469048725867,2.7320549804853216
10-06-2021,1.8304224984381265,0.6876061120543294,-35,-24.447576239467136,-237,42.1424414778741,88,48.89515247893427,2.991956353358171,2.732431005881466
11-06-2021,1.8173990590116547,0.37298387096774194,-29,0.0,-271,-122.23788119733568,69,36.6713643592007,2.992248500622383,2.7326421037504036
12-06-2021,1.8228646517739815,1.1820120867401351,-23,-24.447576239467136,-215,164.38032267520978,52,12.223788119733568,2.992259658459727,2.732446387517431
13-06-2021,1.7431615474286335,0.6252392497129003,-9,-12.223788119733568,-99,100.52584351720525,26,0.0,2.991892335033895,2.731886532505917
14-06-2021,1.9936168299919086,0.6088721368512612,-29,-24.447576239467136,-97,274.3944157528119,36,0.0,2.9921010961710444,2.7317642958406534
15-06-2021,1.1644775147286668,0.5317038330291247,-32,-24.447576239467136,-135,188.82789891467692,63,0.0,2.992701726758828,2.7312883204460476
16-06-2021,1.2698176957635614,0.682244584683609,-33,0.0,-270,-232.2519742749378,52,12.223788119733568,2.9929395127425837,2.730983634343396
17-06-2021,1.27229262730428,0.6280051025414581,-27,-12.223788119733568,-170,100.52584351720525,37,0.0,2.9928784129908665,2.7305915222441643
18-06-2021,1.260069764006772,0.6328488084643528,-28,0.0,-209,-36.6713643592007,35,0.0,2.9928942139809385,2.730128846266988
19-06-2021,1.2533512803821838,0.4098791382028376,-22,-12.223788119733568,-170,-33.935825799864006,28,12.223788119733568,2.9927130038251732,2.7299915526032805
20-06-2021,1.2832564871599743,0.456490727532097,-5,-24.447576239467136,-43,274.3944157528119,17,12.223788119733568,2.9924927862278086,2.730059834027044
21-06-2021,1.1625836322470682,0.4065040650406504,-4,0.0,-53,-12.223788119733568,21,0.0,2.992645987031734,2.7300084467209547
22-06-2021,0.8457182157172486,1.0729613733905579,-23,-85.56651683813497,-120,813.6949976980388,31,73.3427287184014,2.9927879925552867,2.7308033393474207
23-06-2021,1.0566421620376591,0.4382761139517896,-18,0.0,-144,-85.56651683813497,12,24.447576239467136,2.992268238680238,2.7302534092886948
24-06-2021,0.6797619623590885,0.46770601336302897,-16,-12.223788119733568,-111,27.183114798803835,28,0.0,2.9927391498460887,2.730028669063987
25-06-2021,0.9223694180972538,0.4743707998418764,-22,-12.223788119733568,-134,161.64478411587308,56,0.0,2.9935267667829373,2.7298039658351207
26-06-2021,0.9922041105598866,0.46954655218674535,-8,0.0,-114,-24.447576239467136,40,36.6713643592007,2.9938770893871665,2.7302654784019564
27-06-2021,1.2036108324974926,0.5146836209506509,-4,0.0,-24,0.0,14,12.223788119733568,2.9936574536485905,2.7302245640269636
28-06-2021,0.9752418599812753,0.7148530579825259,-5,0.0,-21,-12.223788119733568,28,0.0,2.994042911327486,2.730096183460959
29-06-2021,0.7257718572107636,0.5091509563781478,-19,-36.6713643592007,-61,350.47268303055,42,36.6713643592007,2.9945531167963058,2.730557560341443
30-06-2021,0.7817744764709704,0.368111064366849,-23,-12.223788119733568,-87,39.406902918537405,24,0.0,2.9945710107891976,2.7302238007818103
01-07-2021,0.9311699863758685,0.5239991616013414,-18,-12.223788119733568,-56,137.19720787640594,21,12.223788119733568,2.9944460977640754,2.7301059044180898
02-07-2021,0.9229762957400163,0.7699597251836058,-16,-12.223788119733568,-61,112.74963163693882,28,24.447576239467136,2.994545218184233,2.7302102059760065
03-07-2021,1.046121222830889,0.5022359821121432,-9,0.0,-68,-36.6713643592007,22,12.223788119733568,2.994408694781081,2.7300217809638605
04-07-2021,1.1650334422149635,0.5370569280343717,-7,0.0,-28,-24.447576239467136,12,0.0,2.9941240588021016,2.7296818542760084
05-07-2021,1.3816172193135543,1.783479349186483,-6,-12.223788119733568,-26,137.19720787640594,31,0.0,2.994514044641431,2.7293933037192946
06-07-2021,0.9067537520844914,0.577634011090573,-4,0.0,-64,-12.223788119733568,24,0.0,2.994439942373492,2.7287715243919624
07-07-2021,1.1117724347816322,1.018555869302138,-7,24.447576239467136,-40,-262.1706276330783,14,0.0,2.9940591422678593,2.72825892982934
08-07-2021,1.4900834770930058,1.1702568351284175,0,0.0,-30,24.447576239467136,13,0.0,2.9933877886763978,2.72730473563758
09-07-2021,1.5699982948040243,0.9569377990430622,-11,0.0,-41,12.223788119733568,25,12.223788119733568,2.9930015080270755,2.7268609887569784
10-07-2021,1.649882151274909,1.3583184612333927,-8,0.0,-17,-24.447576239467136,12,0.0,2.9923054133776437,2.7258566978193146
11-07-2021,1.9568451239897557,1.114522915955874,0,24.447576239467136,-5,-274.3944157528119,7,12.223788119733568,2.9914948132595507,2.7252921463463826
12-07-2021,2.3213804259908333,2.202225905754203,-3,-12.223788119733568,12,124.97341975667237,13,12.223788119733568,2.991178005146339,2.7250409740931185
13-07-2021,1.5429780053397442,2.057733567388336,-1,12.223788119733568,-19,-88.30205539747168,20,12.223788119733568,2.990575130221099,2.7236533463934967
14-07-2021,1.9330328143146789,1.8494558185554457,-6,0.0,-25,0.0,23,12.223788119733568,2.9896072028786818,2.722222742644097
