Data,Positivi su totale tamponi molecolari in Italia,Positivi su totale tamponi molecolari in Veneto,ingressiTerapiaIntensivaInItalia,ingressiTerapiaIntensivaInVeneto,ingressi non terapia intensiva in Italia,ingressi non terapia intensiva in Veneto,Morti media regionale,Morti Veneto,Letalita italiana,Letalita Veneta
24-02-2020,5.111008325624422,1.4545454545454546,1.2380952380952381,4,4.809523809523809,12,7.0,1,3.056768558951965,3.0303030303030303
25-02-2020,2.1632937892533146,0.6329113924050633,0.42857142857142855,3,0.9886621315192744,0,0.14285714285714285,0,3.1055900621118013,2.3255813953488373
26-02-2020,8.091286307053942,2.5,0.047619047619047616,1,0.6938775510204082,4,0.09523809523809523,1,3.0,2.816901408450704
27-02-2020,10.300782859497321,3.1645569620253164,0.9523809523809523,0,6.664399092970522,3,0.23809523809523808,0,2.6153846153846154,1.8018018018018018
28-02-2020,6.465634338494974,3.2,0.38095238095238093,1,4.954648526077098,5,0.19047619047619047,0,2.364864864864865,1.3245033112582782
29-02-2020,8.091706001348618,3.21285140562249,1.9523809523809523,2,4.600907029478458,0,0.38095238095238093,0,2.5709219858156027,1.0471204188481675
01-03-2020,22.952149229521492,18.1360201511335,1.6666666666666667,2,12.90702947845805,27,0.23809523809523808,0,2.0070838252656436,0.7604562737642585
02-03-2020,15.419296663660957,1.3774104683195592,1.2380952380952381,1,6.063492063492063,2,0.8571428571428571,0,2.5540275049115913,0.7326007326007326
03-03-2020,18.558343289526086,8.629441624365482,3.0,5,16.84580498866213,-4,1.2857142857142858,1,3.1574740207833734,0.9771986970684039
04-03-2020,14.74503893494097,15.634218289085545,3.142857142857143,4,17.857142857142858,27,1.3333333333333333,3,3.463904176108773,1.6666666666666667
05-03-2020,30.455445544554454,3.2775453277545328,2.6666666666666665,1,23.65986394557823,16,1.9523809523809523,4,3.83618455158113,2.457002457002457
06-03-2020,19.46459844883663,7.5418994413407825,5.285714285714286,3,33.920634920634924,25,2.3333333333333335,2,4.249352890422778,2.459016393442623
07-03-2020,21.86568472733649,3.9118065433854907,5.0,14,16.98639455782313,6,1.7142857142857142,1,3.9605643379228286,2.394106813996317
08-03-2020,18.946031746031746,8.529214237743451,3.9523809523809526,6,46.857142857142854,23,6.333333333333333,5,4.96271186440678,2.6865671641791047
09-03-2020,46.207251221393676,194.73684210526315,3.9523809523809526,4,39.90702947845805,40,4.619047619047619,2,5.04797208896642,2.6881720430107525
10-03-2020,14.087959625090123,16.302765647743815,6.857142857142857,16,41.049886621315196,18,8.0,6,6.217361316385851,3.0373831775700935
11-03-2020,18.663761801016705,3.510615934412445,7.190476190476191,1,44.95918367346938,58,9.333333333333334,3,6.636173968865351,2.8347996089931575
12-03-2020,20.61911799019989,17.713444553483807,5.9523809523809526,17,44.276643990929706,98,9.0,3,6.722689075630252,2.3121387283236996
13-03-2020,22.192210507972465,9.365290723479804,8.333333333333334,22,45.002267573696145,6,11.904761904761905,10,7.168742921857304,2.633228840125392
14-03-2020,29.934942646807052,26.532195500387896,9.047619047619047,12,53.6984126984127,0,8.333333333333334,13,6.810984544122513,2.839442436757873
15-03-2020,22.824082904189712,4.2220625224577795,7.333333333333333,10,68.37868480725623,60,17.523809523809526,8,7.309976966905079,2.9005524861878453
16-03-2020,24.74929189313328,12.011173184357542,8.523809523809524,27,73.03174603174604,72,16.61904761904762,6,7.7126518942101505,2.7901334411645773
17-03-2020,32.96867695184666,54.225352112676056,9.952380952380953,15,98.54648526077096,50,16.428571428571427,11,7.9445185044118585,2.9585798816568047
18-03-2020,24.917081260364842,9.50960283423457,9.380952380952381,24,78.859410430839,98,22.61904761904762,14,8.338700193206956,2.924704418170504
19-03-2020,30.877233696913436,7.07361802462667,11.476190476190476,14,77.41043083900227,125,20.333333333333332,21,8.29779456561472,3.3008036739380024
20-03-2020,24.828902069766478,11.81425485961123,7.476190476190476,27,19.453514739229025,72,29.857142857142858,16,8.574892069500862,3.2498139419498884
21-03-2020,24.8974787363305,13.458888378502527,9.619047619047619,13,89.64399092970523,99,37.76190476190476,15,9.00556198439658,3.1622265540394197
22-03-2020,22.081016679904685,12.534127575080666,7.238095238095238,6,108.58956916099773,171,31.0,23,9.259697656329264,3.299492385786802
23-03-2020,28.061643032930974,11.120789779326365,9.285714285714286,26,49.22675736961452,93,28.61904761904762,23,9.506155458569932,3.4877384196185286
24-03-2020,24.418496464458503,8.749753110803871,9.142857142857142,23,67.98639455782313,112,35.38095238095238,24,9.858910604834046,3.6314727639542705
25-03-2020,18.95855318219861,10.512875079804214,4.428571428571429,12,59.945578231292515,89,32.523809523809526,42,10.086575430860647,4.004967401428128
26-03-2020,16.80458828349037,5.550551677550101,5.857142857142857,10,83.78911564625851,40,31.523809523809526,29,10.137945591576752,4.138428262436914
27-03-2020,18.047184954117327,14.52947259565667,5.714285714285714,12,66.19727891156462,89,46.142857142857146,26,10.559781729057319,4.1750033346672
28-03-2020,16.853330324145908,7.526507908917087,5.904761904761905,6,36.4421768707483,23,42.333333333333336,49,10.838956657150273,4.564943253467844
29-03-2020,21.290401567091088,7.9200592153960025,2.380952380952381,11,35.909297052154194,27,36.0,30,11.03399563922243,4.690117252931323
30-03-2020,17.360366925286126,7.097149505526469,3.5714285714285716,1,22.93424036281179,47,38.666666666666664,21,11.392877854116907,4.7340669417698304
31-03-2020,13.688405552365834,6.844529140860727,2.0,0,20.73469387755102,47,39.857142857142854,64,11.747580157289777,5.210267613326051
01-04-2020,13.878972572921201,7.221880762138906,0.5714285714285714,-6,10.523809523809524,38,34.61904761904762,22,11.897010147050844,5.184415584415585
02-04-2020,11.725991609937452,6.416688671771851,0.8571428571428571,-5,7.353741496598639,-48,36.19047619047619,33,12.074590860970826,5.261596281277816
03-04-2020,11.873009296423854,5.721231766612642,0.7142857142857143,-10,10.244897959183673,44,36.476190476190474,40,12.25182972118137,5.466360856269113
04-04-2020,12.856187290969899,5.294896308280629,-3.5238095238095237,-11,9.251700680272108,-23,32.42857142857143,35,12.325887412542524,5.60790835181079
05-04-2020,12.606244706019803,5.274898307308752,-0.8095238095238095,5,-3.546485260770975,-17,25.0,24,12.320470267084406,5.620880099768395
06-04-2020,11.889266955171616,6.731126812941614,-3.761904761904762,-7,-2.437641723356009,40,30.285714285714285,31,12.465766860057187,5.712806351397998
07-04-2020,9.014326817548127,4.645712710228839,-5.0476190476190474,-25,-17.15419501133787,-135,28.761904761904763,33,12.631835145221483,5.828092243186583
08-04-2020,7.422600619195046,4.997424008243174,-4.714285714285714,-12,-15.569160997732427,-25,25.80952380952381,41,12.673035819311156,5.930701047542304
09-04-2020,9.090909090909092,6.371056157875502,-4.190476190476191,-11,-8.061224489795919,-24,29.047619047619047,20,12.726804339047249,5.845511482254698
10-04-2020,7.3857369847649315,5.279099956728689,-5.142857142857143,-17,-12.419501133786847,-9,27.142857142857142,37,12.772315469212682,5.9086506221593025
11-04-2020,8.291967708314932,3.3979631805718764,-5.523809523809524,-6,-9.945578231292517,-56,29.476190476190474,38,12.785100248898345,6.035735037768739
12-04-2020,8.758561643835616,4.103585657370518,-1.8095238095238095,-2,-15.689342403628117,-37,20.523809523809526,25,12.726156443659946,6.080841088300064
13-04-2020,8.587302884222566,3.7540453074433655,-3.9523809523809526,-4,4.5147392290249435,-1,26.952380952380953,26,12.829434037964843,6.18903936565855
14-04-2020,11.098248627656,3.1201516979831063,-3.5238095238095237,-12,-3.90702947845805,0,28.666666666666668,24,12.965265127270937,6.277716186252771
15-04-2020,6.100880704563651,2.5716581837664076,-5.095238095238095,-14,-22.45124716553288,-25,27.523809523809526,34,13.105870243104961,6.427789934354486
16-04-2020,6.206659125559435,4.460694698354661,-6.809523809523809,-10,-42.281179138321995,-14,25.0,41,13.12292457130004,6.544362908605737
17-04-2020,5.316185982801918,3.1545223034584735,-5.904761904761905,-12,-58.29478458049886,-29,27.38095238095238,45,13.19055406706334,6.67360478730324
18-04-2020,5.655731065208586,2.9980201753558973,-3.761904761904762,-7,-40.57596371882086,-72,22.952380952380953,33,13.202785277817252,6.74866173846546
19-04-2020,6.00891378086298,2.8696268304204064,-4.666666666666667,-6,-3.249433106575964,-23,20.61904761904762,28,13.219945019332632,6.821462190147474
20-04-2020,5.438372345298074,3.8300418910831837,-2.9523809523809526,-4,-8.777777777777779,9,21.61904761904762,25,13.305890921932594,6.895268803869287
21-04-2020,5.235391167555538,3.8159526105524177,-4.857142857142857,-3,-41.47845804988662,-43,25.428571428571427,42,13.398783411340693,7.034869544013655
22-04-2020,5.340644363797721,3.5254380409541906,-4.142857142857143,-14,-19.578231292517007,-25,20.80952380952381,27,13.39102211640607,7.055801170988171
23-04-2020,3.969516037084821,1.3577668059248007,-5.571428571428571,-23,-49.85034013605442,-16,22.095238095238095,25,13.448753243882026,7.144126532788342
24-04-2020,4.837702371611126,3.945130937535427,-4.476190476190476,-10,-42.44897959183673,-30,20.0,38,13.455858731359523,7.220384235881363
25-04-2020,3.6046920641717772,1.6069834341831168,-3.380952380952381,-1,-28.643990929705215,-54,19.761904761904763,44,13.505945707982043,7.406129607268127
26-04-2020,4.655821780591394,0.8525149190110827,-4.428571428571429,-5,-11.934240362811792,-8,12.380952380952381,27,13.478689768559505,7.526758628584512
27-04-2020,5.433865575102335,2.9459901800327333,-2.5238095238095237,-1,-50.83673469387755,2,15.857142857142858,29,13.528137442707132,7.6454860913590075
28-04-2020,3.6509987428411788,1.5748992796972288,-4.428571428571429,-3,-34.30839002267574,-32,18.19047619047619,64,13.577330587330339,7.951208493336345
29-04-2020,3.2682093784761936,1.2396694214876034,-3.238095238095238,-6,-27.45578231292517,-25,15.380952380952381,29,13.596868230913941,8.0617110799439
30-04-2020,2.7346032488021503,1.166709878143635,-4.809523809523809,0,-55.17913832199547,-30,13.571428571428571,22,13.611696509833887,8.123608017817372
01-05-2020,2.647962483829237,1.0429262394195888,-5.523809523809524,-4,-32.91383219954648,-35,12.80952380952381,20,13.612434194033593,8.172173720853133
02-05-2020,3.4288601746914025,1.4790468364831553,-1.8571428571428572,-2,-11.689342403628117,-7,22.571428571428573,23,13.71531758770924,8.241878841088674
03-05-2020,3.091131634583287,1.3012181616832779,-1.8095238095238095,-5,-7.197278911564625,-15,8.285714285714286,14,13.707484445963068,8.276012665138115
04-05-2020,3.2446653025431162,1.007695126419934,-1.0476190476190477,-2,-20.913832199546487,0,9.285714285714286,12,13.720522039464372,8.316551461383552
05-05-2020,1.945243653077104,0.3976961053208996,-2.4761904761904763,-3,-28.759637188208618,-29,11.238095238095237,17,13.762070859525005,8.395826540593413
06-05-2020,2.2470161679348926,0.8696634289586628,-4.476190476190476,-8,-28.215419501133788,-24,17.571428571428573,23,13.841469385471214,8.485307646517668
07-05-2020,1.9912164755042,0.7111281952719585,-1.0476190476190477,-3,-29.16780045351474,-30,13.047619047619047,21,13.878568318060948,8.564652616827468
08-05-2020,2.080752646021168,0.6053832541678309,-6.809523809523809,-8,-32.378684807256235,-41,11.571428571428571,38,13.905656467988122,8.738854871629606
09-05-2020,1.5656850414190917,0.47469771607702643,-6.380952380952381,-39,-44.24716553287982,-396,9.238095238095237,16,13.92554107794088,8.799742916822881
10-05-2020,1.5519176438716669,0.6884449244060475,-0.3333333333333333,-3,-10.315192743764172,-27,7.857142857142857,14,13.94987903409869,8.85055015489798
11-05-2020,1.8262150220913107,0.2976656744477518,-1.3333333333333333,1,-5.07936507936508,-8,8.523809523809524,9,13.98409564449944,8.889600341497252
12-05-2020,2.0924436219273765,0.49492998551424433,-2.238095238095238,-5,-34.269841269841265,-7,8.19047619047619,20,13.973220743526689,8.976679799808327
13-05-2020,1.43288206154293,0.34578918014500837,-2.8095238095238093,-3,-35.70294784580499,-29,9.285714285714286,26,14.005150740193782,9.10009036304683
14-05-2020,1.3801547108909789,0.2823363331568731,-1.8095238095238095,-4,-35.91383219954648,-22,12.476190476190476,31,14.060314842041095,9.249137702308305
15-05-2020,1.1572987561605257,0.43345483203625257,-2.238095238095238,-2,-33.6281179138322,-31,11.523809523809524,19,14.118855662505304,9.328180422468103
16-05-2020,1.2648347041732317,0.3143640174109302,-1.5714285714285714,-4,-20.131519274376416,-21,7.285714285714286,21,14.131962982737141,9.419907016060861
17-05-2020,1.1231094324553668,0.1362255056062035,-0.6190476190476191,2,-4.782312925170068,-17,6.904761904761905,11,14.15396899327966,9.471516815374056
18-05-2020,1.2388067900895456,0.1399036219493238,-0.6190476190476191,0,-5.541950113378685,-10,4.714285714285714,9,14.169536846019673,9.514511873350923
19-05-2020,1.287247854586909,0.43603302718248443,-1.5714285714285714,-4,-11.82766439909297,-4,7.714285714285714,17,14.190181694670025,9.58046007264305
20-05-2020,0.9896569685244437,0.2538852131097092,-1.9047619047619047,-2,-19.306122448979593,-4,7.666666666666667,12,14.219489453035662,9.626904887020494
21-05-2020,0.8956598166827104,0.06794055201698514,-1.7142857142857142,-1,-18.528344671201815,-18,7.428571428571429,9,14.247870670070085,9.670133417375775
22-05-2020,0.8649509153621651,0.18485915492957747,-2.142857142857143,-3,-16.918367346938776,-22,6.190476190476191,13,14.26409747308207,9.72768770659531
23-05-2020,0.9239055379091285,0.07751337105650724,-1.0952380952380953,2,-13.469387755102039,-10,5.666666666666667,11,14.274376763311777,9.780271645078399
24-05-2020,0.9512037833190026,0.17215189873417722,-0.9047619047619048,-3,-4.757369614512472,-20,2.380952380952381,4,14.263153773199106,9.792518076076705
25-05-2020,0.8512811781731506,0.14725568942436412,-0.5714285714285714,-1,-20.909297052154194,-6,4.380952380952381,9,14.284534971628187,9.83400534115306
26-05-2020,0.688351770295107,0.0662635633231177,-0.9523809523809523,1,-13.687074829931973,-2,3.7142857142857144,8,14.293769382576825,9.871761319026433
27-05-2020,0.8674469728477214,0.05540549899577533,-0.7619047619047619,-2,-9.66893424036281,-9,5.571428571428571,9,14.308273376626186,9.914717731387015
28-05-2020,0.7813632350809693,0.07775545908118967,-0.7619047619047619,0,-17.392290249433106,-20,3.3333333333333335,3,14.301865948595792,9.924183006535948
29-05-2020,0.7153254314826367,0.06963249516441006,-0.6666666666666666,-2,-14.201814058956916,-11,4.142857142857143,8,14.307550549412698,9.961325389359256
30-05-2020,0.5999250093738283,0.07945967421533572,-1.1904761904761905,0,-20.873015873015873,-17,5.285714285714286,10,14.329677130969982,10.007312232320066
31-05-2020,0.6559739827783732,0.06238951856088177,-0.7142857142857143,-1,-14.609977324263038,-8,3.5714285714285716,2,14.340032357876396,10.014619883040936
01-06-2020,0.5669873224182965,0.032435939020434644,-0.5238095238095238,0,-14.204081632653061,-2,2.857142857142857,0,14.354815885281543,10.013574188159131
02-06-2020,0.6096742652274775,0.05581525151747715,-0.7619047619047619,-1,-9.45124716553288,-7,2.619047619047619,3,14.358820632507548,10.025049577288383
03-06-2020,0.8606128850639427,0.041788549937317176,-2.619047619047619,-3,-10.868480725623582,3,3.380952380952381,0,14.369472621837527,10.024003339595074
04-06-2020,0.3543330730887034,0.03502013657853266,-0.7142857142857143,0,-11.970521541950113,-9,4.190476190476191,13,14.396208757633122,10.089732888146912
05-06-2020,0.796579934797318,0.08540925266903915,-1.0476190476190477,0,-10.63265306122449,-1,4.0476190476190474,4,14.40065492408253,10.107437154480024
06-06-2020,0.37249086017796784,0.038778477944740666,-1.0952380952380953,0,-15.283446712018142,-14,3.4285714285714284,11,14.414759732709827,10.160567198415182
07-06-2020,0.39815675653825944,0.008565310492505354,-0.2857142857142857,-1,-6.804988662131519,-1,2.5238095238095237,5,14.425229150886391,10.186102278058698
08-06-2020,1.0327530244910004,0.09002925950934054,-0.19047619047619047,0,-6.605442176870748,1,3.0952380952380953,1,14.435688844685862,10.189190597800595
09-06-2020,0.5145173899605476,0.03375527426160337,-0.9523809523809523,-1,-7.990929705215419,-5,3.761904761904762,6,14.451882951761965,10.218331509561773
10-06-2020,0.3221741973556197,0.026742734890354787,-0.6666666666666666,0,-13.049886621315192,-11,3.380952380952381,0,14.469615673366897,10.216734396165469
11-06-2020,0.6066717889614547,0.07013606396409033,-0.6190476190476191,0,-9.587301587301587,-14,2.5238095238095237,3,14.46883654750108,10.229699463513725
12-06-2020,0.23081280090625886,0.0,-0.42857142857142855,0,-11.732426303854876,-3,2.6666666666666665,3,14.482554325977022,10.245325277358196
13-06-2020,0.6954773869346733,0.429042904290429,-0.3333333333333333,1,-7.2653061224489806,-8,3.7142857142857144,10,14.494339766153534,10.290443472829482
14-06-2020,0.5979443451801794,0.04912280701754386,-0.5238095238095238,0,-7.7936507936507935,-1,2.0952380952380953,1,14.492233816759427,10.291898641968885
15-06-2020,1.0780232682249973,0.022104332449160036,-0.09523809523809523,0,-5.070294784580499,-2,1.2380952380952381,0,14.484807619368706,10.291363163371487
16-06-2020,0.44793310865577407,0.010955302366345312,-1.4285714285714286,0,-10.37641723356009,-2,1.619047619047619,4,14.486315789473684,10.31163831226263
17-06-2020,0.4234179740286483,0.035707909301910375,-0.6666666666666666,0,-9.551020408163266,1,2.0476190476190474,5,14.484417309988732,10.335500650195058
18-06-2020,0.5726175327578499,0.0754503442421956,0.23809523809523808,0,-11.444444444444445,-4,3.142857142857143,7,14.491999042656376,10.36759735870639
19-06-2020,0.43621070193427297,0.018641066268990585,-0.3333333333333333,0,-11.53514739229025,-3,2.238095238095238,4,14.520757443983682,10.387314790746036
20-06-2020,0.4787836701874931,0.02478519497686715,-0.42857142857142855,0,-7.936507936507936,-3,2.3333333333333335,4,14.525233448746196,10.40648716082753
21-06-2020,0.5524725613515846,0.11503697617091208,-0.19047619047619047,0,-7.789115646258504,1,1.1428571428571428,0,14.521654178843518,10.402702000519616
22-06-2020,0.7524506419991717,0.03562522265764161,-1.0,0,-14.133786848072562,1,1.0952380952380953,1,14.517845174262735,10.406816646750142
23-06-2020,0.30134617759664073,0.05222841225626741,-0.5714285714285714,0,-9.333333333333334,1,0.8571428571428571,1,14.518512935817077,10.410389610389611
24-06-2020,0.356700334171892,0.03249214773096502,-0.38095238095238093,0,-11.92517006802721,-4,-1.4761904761904763,0,14.470573493170711,10.408767464810678
25-06-2020,0.5279962897558017,0.03518958388317058,-0.19047619047619047,0,-4.696145124716553,3,1.619047619047619,2,14.466888605208046,10.416991223970504
26-06-2020,0.49082777440873254,0.06568575932737783,0.09523809523809523,0,-7.467120181405895,-13,1.4285714285714286,1,14.46401706944045,10.41947876648323
27-06-2020,0.2852439243044123,0.009554748710108925,-0.38095238095238093,0,-4.956916099773243,2,0.38095238095238093,0,14.456807808908286,10.418397009966778
28-06-2020,0.4659133508273978,0.16684362202335812,0.047619047619047616,0,-4.696145124716553,-2,1.0476190476190477,1,14.455494985643544,10.417639429312581
29-06-2020,0.4629289440811228,0.061715696358773914,-0.09523809523809523,0,-2.0022675736961455,1,0.2857142857142857,0,14.450415079272656,10.416018259155514
30-06-2020,0.2941602966461583,0.09307737056428156,-0.14285714285714285,-1,-1.5668934240362813,4,1.0952380952380953,4,14.451446100640956,10.432438037954993
01-07-2020,0.33775241122710686,0.022510692578975013,-0.2857142857142857,0,-3.3741496598639458,-4,1.0,10,14.449244060475163,10.482658510031625
02-07-2020,0.3775144150404748,0.1691904238220117,-0.23809523809523808,0,-3.1768707482993195,3,1.4285714285714286,0,14.449641228248554,10.47180071469263
03-07-2020,0.4451453209837113,0.05023106288929074,-0.14285714285714285,0,-0.4648526077097506,-1,0.7142857142857143,1,14.442500331696962,10.474267370819096
04-07-2020,0.45182749802926303,0.03430531732418525,-0.38095238095238093,1,-1.1360544217687074,-3,1.0,0,14.437140407341593,10.472098560927632
05-07-2020,0.5125193529443169,0.14272970561998216,0.14285714285714285,1,0.39909297052154197,0,0.3333333333333333,0,14.428564924610221,10.467763634482045
06-07-2020,0.9383740864386899,0.029394473838918283,-0.09523809523809523,0,-0.05442176870748299,0,0.38095238095238093,1,14.419462490540445,10.472396129766647
07-07-2020,0.3193040098105,0.1485884101040119,-0.09523809523809523,0,-0.3764172335600907,1,1.4285714285714286,10,14.423696870505381,10.516519311307585
08-07-2020,0.3826100747378229,0.07568385771434749,0.047619047619047616,1,-1.9002267573696145,0,0.7142857142857143,0,14.418395285547328,10.512714492454
09-07-2020,0.4357588674075202,0.12072920439454304,-0.09523809523809523,-1,-1.4308390022675737,0,0.5714285714285714,3,14.410615481736073,10.522781279057753
10-07-2020,0.5755635726649011,0.13179966450994487,-0.19047619047619047,1,-1.471655328798186,-3,0.5714285714285714,2,14.399169136041609,10.527130982497805
11-07-2020,0.40930961659881127,0.08864462370357237,0.09523809523809523,0,-0.7528344671201814,6,0.3333333333333333,0,14.39090381217904,10.52169874606533
12-07-2020,0.6116207951070336,0.28429282160625446,0.047619047619047616,0,-2.3378684807256236,0,0.42857142857142855,0,14.380752156865972,10.513018819283321
13-07-2020,0.7061379684953829,0.13395847287340926,-0.14285714285714285,0,-0.5260770975056689,2,0.6190476190476191,0,14.376104921267936,10.509767537755787
14-07-2020,0.27229082570998636,0.279576221306651,-0.23809523809523808,-1,0.19727891156462588,7,0.8095238095238095,2,14.376356104937866,10.509783728115345
15-07-2020,0.33643625255423226,0.2961082910321489,-0.14285714285714285,0,0.8208616780045351,1,0.6190476190476191,2,14.372130460851068,10.508718687310324
16-07-2020,0.4560596446700508,0.3265030398558883,-0.19047619047619047,0,-2.421768707482993,1,0.9523809523809523,4,14.366773886500148,10.51361068310221
17-07-2020,0.4589595603443182,0.5931837791199309,-0.14285714285714285,0,0.8662131519274376,2,0.5238095238095238,0,14.357679522230466,10.483994878361075
18-07-2020,0.5159017921889568,0.37231712658782307,0.0,0,-0.6598639455782314,0,0.6666666666666666,2,14.34877321715203,10.475995705301907
19-07-2020,0.6164672765657987,0.7778317938745746,-0.047619047619047616,0,-0.7142857142857143,0,0.14285714285714285,1,14.337203498694944,10.455449584332126
20-07-2020,0.7834082381561044,0.6864988558352403,-0.09523809523809523,0,0.0022675736961451248,2,0.6190476190476191,0,14.331382039374715,10.43310092116647
21-07-2020,0.2992345163535143,0.30864197530864196,0.09523809523809523,0,-0.5192743764172336,0,0.7142857142857143,3,14.330015689350853,10.436683442631285
22-07-2020,0.5717993430390527,0.4437869822485207,-0.047619047619047616,0,-0.4331065759637188,0,0.42857142857142855,4,14.31731365699174,10.437915461511139
23-07-2020,0.5073701314851354,0.21036527060623447,0.047619047619047616,0,-0.47392290249433106,-7,0.47619047619047616,5,14.303532269766608,10.451619443458867
24-07-2020,0.4724940938238272,0.2425222312045271,-0.14285714285714285,0,-0.14512471655328799,2,0.23809523809523808,1,14.290891322936602,10.440811781972771
25-07-2020,0.5322134272609395,0.3318702494379617,-0.23809523809523808,-1,0.6258503401360545,0,0.23809523809523808,1,14.276998665929131,10.429509853461344
26-07-2020,0.6292256822780438,0.2744474938610429,0.14285714285714285,0,0.34467120181405897,1,0.23809523809523808,0,14.264295988103267,10.41950628502196
27-07-2020,0.6653359946773121,0.3325020781379884,0.047619047619047616,-1,0.2789115646258503,0,0.23809523809523808,0,14.256595990027854,10.41109709962169
28-07-2020,0.44010795100685074,0.2668148971650917,-0.23809523809523808,0,0.18820861678004536,2,0.5238095238095238,5,14.249375223134594,10.42369892689808
29-07-2020,0.5159056017708593,0.40210627094303497,-0.09523809523809523,0,-0.9410430839002268,-2,0.2857142857142857,4,14.235176840535546,10.42179880347896
30-07-2020,0.6240098289631091,0.9041007426541815,0.42857142857142855,3,1.2426303854875282,0,0.14285714285714285,0,14.214389176154524,10.363445483177523
31-07-2020,0.6218823838277763,0.8323255317635342,-0.2857142857142857,0,-1.8299319727891157,2,0.42857142857142855,1,14.196261568977567,10.308151093439363
01-08-2020,0.488548101286786,0.30092895459897945,0.09523809523809523,1,-0.4149659863945578,-5,0.23809523809523808,1,14.181380935472417,10.289596350292571
02-08-2020,0.5523585014675634,0.6950880444856349,-0.047619047619047616,0,0.09070294784580499,-1,0.38095238095238093,0,14.171000120933607,10.266686457869477
03-08-2020,0.6615077383924114,0.7170795306388527,-0.047619047619047616,0,1.1927437641723355,-2,0.5714285714285714,1,14.166757308775365,10.260465576039143
04-08-2020,0.4339088334703572,0.27932960893854747,0.0,1,1.2879818594104309,7,0.23809523809523808,1,14.157934779545847,10.255270824075446
05-08-2020,0.6802359568475315,0.43400021170742037,0.0,1,0.14285714285714285,1,0.47619047619047616,0,14.140102812265125,10.23455208435991
06-08-2020,0.6851533073134151,0.6168900233992768,0.047619047619047616,0,-0.047619047619047616,3,0.2857142857142857,0,14.119757307266337,10.205385220125786
07-08-2020,0.9324954388810055,1.1094943615860313,0.0,0,0.8072562358276644,-5,0.14285714285714285,1,14.089751597559218,10.119308497686877
08-08-2020,0.65105632481519,0.4445698962670242,0.047619047619047616,0,-0.3333333333333333,-2,0.6190476190476191,5,14.075400934814857,10.112632294397514
09-08-2020,1.2301724366979303,1.3302752293577982,0.09523809523809523,0,-0.2879818594104308,-1,0.09523809523809523,0,14.050190369004573,10.08423702556158
10-08-2020,0.9798728813559322,1.2422360248447204,0.047619047619047616,0,0.8049886621315193,1,0.19047619047619047,0,14.037276985946377,10.074482491777907
11-08-2020,1.013729639289405,0.9391706400809131,0.14285714285714285,0,1.1882086167800454,4,0.2857142857142857,2,14.016645637386214,10.05255291451714
12-08-2020,0.9134414523908998,0.6096941367747181,0.19047619047619047,0,-0.8639455782312925,0,0.47619047619047616,7,13.994112342231032,10.057208788039036
13-08-2020,1.0217238415253576,0.834575260804769,0.09523809523809523,0,0.4195011337868481,-3,0.2857142857142857,2,13.96753027930303,10.026334689968877
14-08-2020,1.2285170044731717,1.4692272096251735,0.047619047619047616,0,-0.6712018140589568,3,0.14285714285714285,1,13.937003825022051,9.970493051589568
15-08-2020,1.1840445757957947,1.019367991845056,-0.047619047619047616,-2,-0.3832199546485261,5,7.523809523809524,1,13.964756666324703,9.91860685216733
16-08-2020,1.3013828891243513,0.8968609865470852,0.047619047619047616,0,1.145124716553288,-3,0.19047619047619047,0,13.94009806431286,9.882131070249882
17-08-2020,1.043500945672732,0.5370067709549381,0.09523809523809523,0,1.1882086167800454,2,0.19047619047619047,0,13.924125317127855,9.860745201354911
18-08-2020,0.7466281310211946,0.6847751654873316,0.0,2,1.5668934240362813,5,0.23809523809523808,2,13.904161234075307,9.842371927190843
19-08-2020,0.90301708980941,0.41447137337548295,0.38095238095238093,0,1.4761904761904763,-3,0.3333333333333333,1,13.871935693635958,9.819883040935672
20-08-2020,1.0911391751246093,1.1960282834361367,0.09523809523809523,1,0.8866213151927438,-4,0.2857142857142857,1,13.828782045775775,9.752020061298412
21-08-2020,1.315350852825157,0.9263695895224405,0.047619047619047616,-1,1.7573696145124718,7,0.42857142857142855,2,13.781339349969851,9.709006928406467
22-08-2020,1.3788397662023328,1.152239665850497,-0.23809523809523808,-2,-0.0022675736961451248,2,0.14285714285714285,2,13.725323085505314,9.64695093993581
23-08-2020,1.796024995918125,1.3689577039274925,0.23809523809523808,0,2.487528344671202,-1,0.3333333333333333,0,13.664038250207254,9.583238442268277
24-08-2020,2.075619636712114,1.2251795521757498,-0.19047619047619047,0,3.3219954648526078,0,0.19047619047619047,0,13.61554833306441,9.532871188437316
25-08-2020,1.2136962441768844,0.9045302523563393,0.047619047619047616,1,0.6757369614512472,3,0.19047619047619047,3,13.571412162006938,9.495268138801261
26-08-2020,1.4615787616675042,0.9129300707986585,0.14285714285714285,1,-0.0022675736961451248,0,0.6190476190476191,9,13.505751504532643,9.47307158526212
27-08-2020,1.5006806772738874,0.8474032227001348,-0.09523809523809523,-1,3.5170068027210886,12,0.23809523809523808,1,13.43555004944137,9.421870132182118
28-08-2020,1.506207180755164,0.9051290646999665,0.3333333333333333,1,2.5759637188208617,-8,0.42857142857142855,2,13.36503283611332,9.37444700053088
29-08-2020,1.4569964079589943,0.8652799266517678,0.23809523809523808,0,-0.25396825396825395,4,0.047619047619047616,1,13.293086455838983,9.31663370687761
30-08-2020,1.7791275106552142,1.5170494084899095,0.3333333333333333,1,4.27437641723356,-2,0.19047619047619047,0,13.226927350140556,9.27221833449965
31-08-2020,1.70204039782631,0.9764158029142256,0.38095238095238093,1,2.126984126984127,-1,0.2857142857142857,0,13.180220939475658,9.245933097823716
01-09-2020,1.2066625539790252,1.470142467414368,0.6190476190476191,1,4.981859410430839,18,0.38095238095238093,2,13.135619880898187,9.21566924346391
02-09-2020,1.287891296535514,0.9152675613453871,0.09523809523809523,0,2.7800453514739227,1,0.2857142857142857,1,13.073679170579894,9.15520289792574
03-09-2020,1.5055501670438625,0.8558457989134479,0.5238095238095238,3,3.7573696145124713,1,0.47619047619047616,0,13.010420941548924,9.110024030209406
04-09-2020,1.532475571472786,1.398995592907656,0.047619047619047616,-2,4.879818594104309,8,0.5238095238095238,3,12.932377914682279,9.017262586418967
05-09-2020,1.5735012725482547,1.179422835633626,0.0,-1,0.6167800453514739,0,0.7142857142857143,4,12.858574856063429,8.96276036187671
06-09-2020,1.687571562402415,1.8911780243000529,0.5714285714285714,3,3.5714285714285716,0,0.38095238095238093,0,12.80138599739225,8.895756765786835
07-09-2020,2.1083477632104732,1.3558655924543133,0.42857142857142855,1,2.1156462585034013,6,0.5714285714285714,0,12.752883953168045,8.870195310873276
08-09-2020,1.4826358451565425,1.10479797979798,0.047619047619047616,-1,1.9795918367346939,8,0.47619047619047616,2,12.694134990523036,8.839870636039473
09-09-2020,1.4939056151682466,0.8425925925925926,0.3333333333333333,0,1.1882086167800454,-10,0.6666666666666666,3,12.634640585546713,8.819034243463175
10-09-2020,1.6955810842375725,1.2873281373150014,0.6666666666666666,0,3.412698412698413,0,0.47619047619047616,0,12.566918567695458,8.765807193299393
11-09-2020,1.6343042071197411,1.1338314326910472,0.5238095238095238,-1,1.1111111111111112,8,0.47619047619047616,3,12.499122178682285,8.716213461616862
12-09-2020,1.619096930080038,0.9589993050729674,0.3333333333333333,1,5.165532879818595,8,0.2857142857142857,3,12.435687415516055,8.67961243766976
13-09-2020,2.0209860970572335,1.7552533992583437,0.23809523809523808,2,4.555555555555555,-4,0.3333333333333333,1,12.375196783352388,8.633963480994801
14-09-2020,2.224723564854665,1.2907768129547055,0.47619047619047616,0,4.27437641723356,1,0.6666666666666666,2,12.336846042228695,8.622908622908623
15-09-2020,1.5263857322056211,1.4159074119674957,0.19047619047619047,1,4.929705215419501,6,0.42857142857142855,2,12.28766509189972,8.591216621962449
16-09-2020,1.4432395360163806,0.9687442880643392,0.2857142857142857,-1,3.2766439909297054,5,0.5714285714285714,5,12.230563885781734,8.556766648102474
17-09-2020,1.5573875192831104,0.9413593574574661,0.23809523809523808,-2,3.224489795918367,2,0.6190476190476191,0,12.168927565907346,8.51982413752129
18-09-2020,1.9100752211059806,1.4685022945348352,-0.19047619047619047,-4,1.6553287981859408,6,0.47619047619047616,2,12.093635143016018,8.468709436337175
19-09-2020,1.5868556426377842,1.1148405658115559,0.3333333333333333,2,0.009070294784580499,10,1.1428571428571428,5,12.034973311438485,8.426724979499395
20-09-2020,1.9022390564318934,1.579620160701242,0.3333333333333333,0,-0.39682539682539686,-1,0.7142857142857143,4,11.97594547820604,8.385695446435498
21-09-2020,2.4166696502094447,1.5617892342683852,0.47619047619047616,2,5.698412698412699,5,0.8095238095238095,0,11.927640848597356,8.352327602858798
22-09-2020,1.5944469262224665,1.1858495266567015,0.3333333333333333,2,6.453514739229025,12,0.6666666666666666,3,11.877153976277597,8.32564220889094
23-09-2020,1.5815460577071438,1.2534469791927803,0.23809523809523808,2,2.7936507936507935,-2,0.9523809523809523,2,11.81938076995541,8.28553949682649
24-09-2020,1.653412825521436,1.6042434827608514,0.09523809523809523,1,3.5600907029478455,5,1.0952380952380953,2,11.757573367770428,8.215286720702977
25-09-2020,1.7824348134130084,1.381449111925571,-0.09523809523809523,2,0.18594104308390022,-4,0.9523809523809523,4,11.690695054451647,8.169787202045267
26-09-2020,1.7904528341651738,1.3158696314346634,0.14285714285714285,2,0.5759637188208616,7,0.8095238095238095,1,11.625295354815258,8.107704930260311
27-09-2020,2.013361607041065,1.6420530827222968,0.3333333333333333,0,5.08843537414966,1,0.8095238095238095,2,11.564527059734727,8.067326585845104
28-09-2020,2.9231642176524684,3.7631091918568784,0.47619047619047616,0,6.698412698412698,7,0.7619047619047619,0,11.514176333808662,8.012962144645751
29-09-2020,1.8273548816322005,1.2531328320802004,0.3333333333333333,0,3.691609977324263,12,1.1428571428571428,1,11.461258550019009,7.97552754982415
30-09-2020,1.7534386722746391,1.245480112494978,0.42857142857142855,0,0.3650793650793651,6,0.9047619047619048,1,11.399951089528395,7.934137189902007
01-10-2020,2.155012009878548,2.435153770384152,0.5238095238095238,3,2.8843537414965987,7,1.1428571428571428,5,11.315999231275736,7.825494694579868
02-10-2020,2.0772894655904772,1.0248430541396147,0.14285714285714285,-2,2.260770975056689,-13,1.0952380952380953,6,11.234792502844568,7.793641186313953
03-10-2020,2.391282413479972,1.3875622140666632,0.14285714285714285,-1,3.1360544217687076,7,1.2857142857142858,4,11.144194750752128,7.731904241441314
04-10-2020,2.7805940850357014,2.0363579620816106,0.2857142857142857,-1,4.183673469387755,4,0.8571428571428571,1,11.06141782626203,7.664896590273896
05-10-2020,3.7466177520293487,3.2922988834812483,0.9523809523809523,0,10.462585034013605,4,0.7619047619047619,0,10.990091151636516,7.603798433492757
06-10-2020,2.68392452527521,1.8725849598731794,-0.19047619047619047,-5,6.335600907029478,26,1.3333333333333333,4,10.90948728740428,7.568088696071342
07-10-2020,2.9350272116443494,2.4729622790820365,0.8571428571428571,1,8.342403628117914,6,1.4761904761904763,2,10.798646463436546,7.478414576109865
08-10-2020,3.480148011678559,2.895388607147069,1.0,3,7.7687074829931975,-1,1.0476190476190477,6,10.662888078534744,7.375706309137718
09-10-2020,4.149191710885063,4.153577661431065,1.380952380952381,2,9.0,-5,1.3333333333333333,3,10.50440701631905,7.241673223183844
10-10-2020,4.301042950317093,3.7409975993598295,0.14285714285714285,-1,11.98185941043084,23,1.380952380952381,7,10.340663931283514,7.133429905037824
11-10-2020,5.213170517303981,3.931777378815081,1.4285714285714286,4,10.136054421768709,7,1.2380952380952381,2,10.18904070995915,7.040599308002412
12-10-2020,5.406006413707544,5.16698172652804,1.5238095238095237,5,15.83673469387755,6,1.8571428571428572,1,10.068999274130974,6.971191605667431
13-10-2020,5.243282627239124,11.969397828232971,2.9523809523809526,4,15.022675736961451,28,1.9523809523809523,7,9.91772170948403,6.888228741180839
14-10-2020,4.817472206891114,3.114482104764162,1.1904761904761905,2,19.811791383219955,-1,2.0476190476190474,0,9.734199930793805,6.750978072968793
15-10-2020,5.403481206883853,3.153910849453322,2.238095238095238,5,17.705215419501133,8,3.9523809523809526,11,9.531396585971772,6.6630923658892565
16-10-2020,6.65660307094835,9.554831704668839,2.4761904761904763,0,20.560090702947846,20,2.619047619047619,7,9.301832686007288,6.54666394375237
17-10-2020,6.5877940387247715,5.467646227747951,3.1904761904761907,3,23.977324263038547,29,2.238095238095238,3,9.06105292445893,6.410658754386465
18-10-2020,7.987525675408247,7.778317938745746,2.142857142857143,1,26.467120181405896,50,3.2857142857142856,9,8.82167627057679,6.292711500376559
19-10-2020,9.445489672472739,11.342069588793493,2.238095238095238,0,28.08843537414966,18,3.4761904761904763,-1,8.64445273361695,6.203064396335928
20-10-2020,7.5129372586139,6.030027073590943,3.4761904761904763,7,40.41723356009071,63,4.238095238095238,13,8.448632635821467,6.1558505007735524
21-10-2020,8.546061805586794,7.245121516278596,2.6666666666666665,5,31.215419501133788,-20,6.0476190476190474,14,8.191296302885814,5.963674376061675
22-10-2020,9.436475890886896,9.17590027700831,3.142857142857143,3,33.34920634920635,61,6.476190476190476,19,7.937714450127328,5.8120737559989895
23-10-2020,10.516282851366793,9.522639306997604,2.7142857142857144,5,43.27891156462585,15,4.333333333333333,7,7.643095351527938,5.610111813320369
24-10-2020,11.056515205241206,9.902067464635474,3.761904761904762,4,38.775510204081634,33,7.190476190476191,9,7.375487850563617,5.404837994821433
25-10-2020,13.1412157153447,12.171461736174447,3.8095238095238093,3,37.86848072562358,37,6.095238095238095,12,7.101422262458586,5.2529490042176965
26-10-2020,13.643873410005934,14.577146546158811,3.619047619047619,5,50.6281179138322,27,6.714285714285714,3,6.904893061576414,5.129107464918841
27-10-2020,12.61138315806374,11.148451198129749,6.0476190476190474,7,51.49433106575963,52,10.523809523809524,12,6.675189189380606,4.988083077970718
28-10-2020,12.56132132373638,13.324628489709632,5.9523809523809526,7,54.52154195011338,44,9.761904761904763,11,6.427125334454682,4.792917472270275
29-10-2020,13.318805472271311,16.56846570822531,5.476190476190476,7,52.002267573696145,51,10.333333333333334,16,6.182664471816995,4.626883147295293
30-10-2020,14.451960852686147,13.817147575576861,4.523809523809524,20,53.31065759637189,18,9.476190476190476,17,5.916711184947983,4.401356531996461
31-10-2020,14.710541674772797,14.886570624275542,4.619047619047619,6,50.68934240362811,24,14.142857142857142,13,5.683882077623891,4.215756852141239
01-11-2020,16.301912709790304,16.22918430708439,4.571428571428571,9,48.92290249433106,31,9.904761904761905,17,5.4735773647148385,4.080806035137462
02-11-2020,16.394928203579138,19.71651130123867,3.9523809523809526,4,48.40136054421769,41,11.095238095238095,9,5.338933935493748,3.9919732881556658
03-11-2020,15.49424808132231,19.944454087831975,9.666666666666666,6,70.14512471655328,138,16.80952380952381,31,5.186956538905465,3.895712814010619
04-11-2020,14.4218740410988,12.733260153677278,3.1904761904761907,7,50.44444444444444,65,15.952380952380953,20,5.028865971555346,3.7814164288657275
05-11-2020,15.692365065216205,19.799818016378527,4.714285714285714,15,58.848072562358276,86,21.19047619047619,38,4.872472205014311,3.6572425321607676
06-11-2020,16.14079275971739,16.480879780054988,5.904761904761905,5,41.3469387755102,22,21.238095238095237,27,4.710663617258291,3.527437163624258
07-11-2020,17.184134534451577,19.644696189495367,5.666666666666667,7,57.95691609977324,116,20.238095238095237,25,4.549967312657204,3.383087198809069
08-11-2020,17.063575105679487,29.431848025912632,5.476190476190476,9,68.58730158730158,55,15.761904761904763,6,4.426673396755869,3.2471710252431594
09-11-2020,17.10678625825013,15.849137316412378,4.761904761904762,10,61.45351473922903,109,16.952380952380953,21,4.347269238098114,3.184361655131792
10-11-2020,16.117892339202232,16.467993801406603,5.809523809523809,9,53.058956916099774,132,27.61904761904762,48,4.2522926517610395,3.136905821612961
11-11-2020,14.6077823081014,20.763996496665094,5.238095238095238,4,43.58049886621315,73,29.666666666666668,46,4.176584754925984,3.0788783677021194
12-11-2020,16.18343901274971,20.707686944396027,4.238095238095238,5,24.417233560090704,94,30.285714285714285,38,4.087486789678555,2.9999669970627387
13-11-2020,16.045789068997443,20.431874858308774,2.857142857142857,6,52.22675736961452,68,26.19047619047619,37,3.9861718066328726,2.924682030770533
14-11-2020,16.361799776016163,19.441425777004998,3.619047619047619,9,26.53061224489796,38,25.904761904761905,52,3.9039729081771735,2.8710085233065534
15-11-2020,17.40058891307131,18.463166247850815,5.523809523809524,13,36.2562358276644,65,26.0,29,3.837750280222209,2.820294222609937
16-11-2020,17.91789759142687,21.011007801645828,3.3333333333333335,11,26.356009070294785,51,24.0,22,3.792496937923394,2.787771533031252
17-11-2020,15.442439244356176,16.850962835104376,5.714285714285714,14,31.174603174603174,-5,34.80952380952381,100,3.7529319781078967,2.7999547024517297
18-11-2020,14.598397165657444,17.56397376041605,2.761904761904762,8,22.965986394557824,99,35.857142857142854,52,3.7110013581147356,2.7713011070517175
19-11-2020,14.459642026332409,21.544202066590127,2.0,5,6.916099773242631,42,31.095238095238095,38,3.658309184060257,2.71272772448554
20-11-2020,15.642838241409292,21.721157459601653,1.7142857142857142,-12,18.142857142857142,49,33.285714285714285,66,3.6090199863720835,2.6885562031353576
21-11-2020,14.655706607650965,19.69521285406659,0.47619047619047616,8,5.4421768707483,30,32.95238095238095,67,3.568264674969269,2.664417085678967
22-11-2020,15.013218753145745,22.067935796939157,2.0476190476190474,6,12.310657596371883,11,26.761904761904763,31,3.5363852397811577,2.6254870315123653
23-11-2020,15.394944442579476,22.784355938284893,0.42857142857142855,9,20.235827664399093,69,30.0,37,3.523758638631927,2.6017792400696362
24-11-2020,12.314281322385892,14.42946399210786,0.2857142857142857,10,-5.448979591836735,56,40.61904761904762,95,3.526132250921292,2.6315376404847113
25-11-2020,11.240092692831087,16.322022458121126,1.5238095238095237,5,-11.061224489795919,86,34.38095238095238,76,3.513330641229436,2.6361511731603064
26-11-2020,12.463098005680866,20.787631881332917,-0.09523809523809523,-1,-13.263038548752835,25,39.142857142857146,72,3.500289759086017,2.6115951542638896
27-11-2020,12.725142839189777,20.26081802015412,-3.0476190476190474,-1,-19.900226757369616,-7,39.38095238095238,60,3.489559665508833,2.5903079855099875
28-11-2020,11.650438169425511,19.107445239525866,-0.9523809523809523,6,-19.140589569160998,214,32.666666666666664,83,3.474713204971199,2.584910478676617
29-11-2020,11.669888206902009,19.764368250132165,-0.42857142857142855,2,-20.383219954648524,-212,25.761904761904763,33,3.4635857928888742,2.5607811183307914
30-11-2020,12.547117771444332,22.292710072342793,-0.42857142857142855,9,14.258503401360546,18,32.0,34,3.4701296365904617,2.5489037859223034
01-12-2020,10.626029654036245,18.559191741708762,-3.857142857142857,-19,-21.741496598639454,67,37.38095238095238,107,3.4771401831450532,2.577517940686033
02-12-2020,9.997441381074909,18.737792146561596,-2.238095238095238,7,-19.054421768707485,-8,32.57142857142857,69,3.4749422822716722,2.5757244432074957
03-12-2020,10.554563343285752,16.551118506193383,-0.9047619047619048,-1,-33.27437641723356,-18,47.285714285714285,95,3.4861238001019923,2.5775131076445077
04-12-2020,11.327858757832294,28.53844377741861,-1.4285714285714286,2,-28.62358276643991,-24,38.76190476190476,83,3.4845545043367463,2.569564722689288
05-12-2020,10.796783325811349,22.01269376296839,-2.380952380952381,3,-51.93197278911565,12,31.523809523809526,108,3.4803691949255873,2.5790303142671736
06-12-2020,11.548150412717824,23.886808156471076,-3.0,-4,8.208616780045352,19,26.857142857142858,37,3.4749704721790664,2.5476704851466576
07-12-2020,12.336243559887427,27.528878333153408,-3.4285714285714284,9,3.0476190476190474,21,25.142857142857142,51,3.4779923985269923,2.539347671916996
08-12-2020,9.945588077624102,20.174482006543077,-1.7619047619047619,2,-22.693877551020407,0,30.19047619047619,113,3.4847051941681833,2.5587326843878695
09-12-2020,10.766828444819582,22.476384515651045,-1.1904761904761905,0,-21.4875283446712,22,23.761904761904763,29,3.4877854915038227,2.5396404242924135
10-12-2020,9.906985418390779,20.862951732365662,-1.380952380952381,11,-28.22902494331066,55,42.23809523809524,148,3.5042444745731607,2.562961794918003
11-12-2020,9.83478279136207,23.822085889570552,-1.2380952380952381,19,-26.219954648526077,-40,36.23809523809524,108,3.5100474950342577,2.567635339568258
12-12-2020,10.131898451936733,21.07830976598032,-3.142857142857143,-4,-26.702947845804992,43,30.904761904761905,110,3.507332502635867,2.5564328943065897
13-12-2020,11.747447559546028,25.655172413793103,-1.9523809523809523,-5,-17.564625850340136,-3,23.047619047619047,32,3.4994619550124964,2.518346001122529
14-12-2020,11.613762743280816,30.656697009102732,-3.0,5,-1.4784580498866213,40,23.38095238095238,26,3.5032442635998526,2.494960458985889
15-12-2020,9.027494815454506,19.66824644549763,-4.380952380952381,1,-24.38095238095238,48,40.285714285714285,165,3.52068026105328,2.5367142639361755
16-12-2020,8.808505732145631,18.987215838432075,-3.6666666666666665,1,-24.648526077097504,4,32.38095238095238,77,3.5239367336389598,2.5268310677095016
17-12-2020,-38.38349821090297,22.486718430731507,-3.380952380952381,5,-25.58730158730159,3,32.523809523809526,92,3.5260601654342243,2.517450453394729
18-12-2020,10.006674082313681,22.397744800808468,-1.7142857142857142,-13,-32.88662131519274,-14,32.095238095238095,107,3.5328742445797587,2.517923716661887
19-12-2020,9.256179583960042,16.999201915403034,-1.6666666666666667,0,-20.87074829931973,-91,26.333333333333332,114,3.5316856914796735,2.5261201385564225
20-12-2020,10.991122107407946,28.65289194993705,-1.9523809523809523,0,-11.682539682539684,31,16.761904761904763,52,3.522400591853818,2.50503634930367
21-12-2020,12.370148710305044,25.64280750521195,-0.5714285714285714,6,-1.0975056689342404,22,19.761904761904763,47,3.524037526463122,2.4969704700554884
22-12-2020,8.444881265654228,18.882489890944736,-2.0952380952380953,4,-11.448979591836734,23,29.904761904761905,150,3.532065319085452,2.5297859722896114
23-12-2020,7.898229125875647,16.301655902491138,-3.0,1,-22.04308390022676,-12,26.333333333333332,116,3.5351668626881834,2.543539356923145
24-12-2020,9.309670394319243,16.7452212621105,-1.6666666666666667,1,-24.19047619047619,-30,24.047619047619047,112,3.5285621930237987,2.5498080789617985
25-12-2020,12.49688185172056,36.36759581881533,-0.23809523809523808,-5,-31.96825396825397,-48,21.857142857142858,94,3.518074261198982,2.5354356196122527
26-12-2020,12.788730322200971,14.238148984198645,-0.19047619047619047,9,-4.464852607709751,7,12.761904761904763,33,3.5132233298001796,2.5223858584581675
27-12-2020,14.885018119875081,25.96685082872928,0.0,5,12.342403628117914,37,14.19047619047619,52,3.5124842750095717,2.509017170021442
28-12-2020,12.499817999155516,25.652374366067313,-0.7142857142857143,-5,16.476190476190474,70,21.19047619047619,69,3.51946746474332,2.5086881865310517
29-12-2020,8.718347056082026,16.974617991177034,-0.7619047619047619,11,-13.585034013605442,-18,31.38095238095238,191,3.5322592113033844,2.559236698917871
30-12-2020,9.584430181312669,16.729228528208864,-1.0,-8,-5.535147392290249,33,27.38095238095238,112,3.5323889505583606,2.5735220315166116
31-12-2020,12.621771574804843,19.853579848616455,1.2857142857142858,3,-18.428571428571427,-13,26.428571428571427,129,3.5193715160552137,2.5756770064007877
01-01-2021,14.100073639572383,22.250520953924518,-0.09523809523809523,11,-15.82312925170068,-41,22.0,90,3.5043599627308657,2.562625637853719
02-01-2021,17.61246911007235,26.8949694085656,0.7619047619047619,0,6.766439909297053,11,17.333333333333332,46,3.5020065841553407,2.5492180488456913
03-01-2021,13.833589061316449,24.138661395086135,0.6666666666666666,-7,6.678004535147393,20,16.523809523809526,88,3.4949611356535955,2.549535557029978
04-01-2021,13.847396561229854,20.67863289894271,-0.19047619047619047,3,11.301587301587302,18,16.571428571428573,50,3.493604598558611,2.552201568856623
05-01-2021,11.382173996713691,17.7681290177061,-0.47619047619047616,-7,3.2471655328798184,-12,30.904761904761905,175,3.4987319050668333,2.5872186658867
06-01-2021,11.383793590002016,17.01112877583466,0.09523809523809523,-18,-10.405895691609977,-82,26.095238095238095,126,3.4913224444752253,2.5988638646866495
07-01-2021,14.858792001649144,20.854839645073362,0.7619047619047619,16,6.328798185941043,-18,19.714285714285715,43,3.4810105203613286,2.580670750835644
08-01-2021,12.499732652726586,19.117481096941656,0.0,-2,1.0113378684807255,-45,29.523809523809526,106,3.481449043518672,2.5872847936904875
09-01-2021,11.607085795292791,14.918908513402956,0.2857142857142857,-8,-2.238095238095238,-9,23.0,82,3.4720395275893257,2.5879169470683783
10-01-2021,13.32803846649208,14.856711915535445,1.0476190476190477,6,8.986394557823129,45,17.19047619047619,44,3.459490944616078,2.5836929080444495
11-01-2021,13.672863751418348,15.589491864375965,1.2857142857142858,3,9.616780045351474,-3,21.333333333333332,38,3.4601255296478275,2.5814995429282486
12-01-2021,10.054998199673824,13.44929728367051,-0.2857142857142857,1,4.843537414965986,14,29.333333333333332,166,3.4654748502450654,2.619766418824504
13-01-2021,8.991671844449892,9.88301946178461,-2.7142857142857144,-23,-11.60544217687075,-45,24.142857142857142,91,3.4637668410494706,2.634041663381542
14-01-2021,10.739483762493384,13.92914653784219,-1.0476190476190477,-8,-20.680272108843536,-104,24.857142857142858,101,3.4605455940835834,2.649806838101397
15-01-2021,8.216924061210278,8.315553006242995,-1.6666666666666667,-1,-14.426303854875284,-61,22.714285714285715,74,3.4570738340851115,2.665206155849617
16-01-2021,9.46272131348404,10.277037826318594,-0.09523809523809523,11,-2.7301587301587302,-69,22.61904761904762,73,3.4533229367767495,2.6724797256092425
17-01-2021,9.351103848051308,12.526306157928447,-0.8095238095238095,0,-2.090702947845805,-24,17.952380952380953,46,3.450963495637005,2.6756368807265605
18-01-2021,9.830710511536214,11.841480778357855,1.9523809523809523,-2,8.038548752834467,-60,17.952380952380953,47,3.4539948504289777,2.682421365778654
19-01-2021,7.017608650692823,6.858740055901957,-2.7142857142857144,-18,-11.616780045351474,-69,28.714285714285715,162,3.4640118837056435,2.727845212193505
20-01-2021,7.64323028175045,7.93715687419694,-1.2380952380952381,-3,-12.061224489795919,-68,24.952380952380953,69,3.4662487997925577,2.73843561558414
21-01-2021,8.07125753294799,6.699619263910226,-2.0476190476190474,-10,-22.179138321995463,-105,24.80952380952381,108,3.4676415367464495,2.765059225294143
22-01-2021,8.544878817839297,8.38935574229692,-1.3333333333333333,-14,-18.09297052154195,-56,22.476190476190474,75,3.467611085675065,2.778847958588942
23-01-2021,8.165452632832503,7.635285396590067,-0.19047619047619047,-5,-13.841269841269842,-92,23.238095238095237,92,3.4686591845421018,2.799646885470781
24-01-2021,8.227706029361148,9.103894867155509,0.6666666666666666,0,-3.800453514739229,-47,14.238095238095237,28,3.4644296101893413,2.8000510349294836
25-01-2021,11.934370351112845,8.117575388364301,1.0,-2,6.444444444444445,-35,20.0,43,3.4694179299111405,2.8092199369052206
26-01-2021,7.299988005277678,6.123789197176162,-2.3333333333333335,-19,-5.666666666666667,-19,25.761904761904763,93,3.476409075623221,2.8326904532304726
27-01-2021,7.295440349781386,5.2917312969812675,-0.9523809523809523,-7,-10.079365079365079,-42,22.238095238095237,62,3.47396614433298,2.830893168292186
28-01-2021,8.186324537104534,7.34086659621169,-3.0476190476190474,-9,-21.240362811791382,-101,23.428571428571427,52,3.4736933747351926,2.842447299045849
29-01-2021,8.446206364937781,7.03412512546002,-0.8571428571428571,-9,-18.854875283446713,-90,22.714285714285715,53,3.4739251977999817,2.8504892342727746
30-01-2021,7.7170649379534115,5.729049651763648,-2.4761904761904763,-18,-16.6734693877551,-71,20.047619047619047,60,3.473113165049888,2.862496230180374
31-01-2021,8.800761785928303,5.306663945300541,-0.14285714285714285,-5,-0.12018140589569161,-8,11.285714285714286,9,3.4670932444246683,2.8608036901196408
01-02-2021,10.097556467901414,10.346191889218595,1.7619047619047619,-3,9.578231292517007,-20,15.666666666666666,39,3.4692109238850946,2.8686099873678823
02-02-2021,6.607068806022521,4.6927717002351494,-1.8095238095238095,-21,0.8208616780045351,13,23.714285714285715,76,3.47555908952279,2.8871809929911016
03-02-2021,7.543800773755628,5.518264127380581,-3.2857142857142856,-17,-14.913832199546485,-117,22.666666666666668,57,3.4762500048378544,2.8995524693815797
04-02-2021,8.177475935970191,5.6751794358203975,0.2857142857142857,0,-15.17687074829932,-74,20.095238095238095,62,3.4742204457763513,2.910993167980028
05-02-2021,8.818659127625201,5.210493103759127,-0.42857142857142855,-4,-8.442176870748298,-38,17.952380952380953,25,3.469748539146956,2.9127536773911364
06-02-2021,7.996410922580386,5.711152353635904,-1.5238095238095237,-14,-9.455782312925171,-71,18.333333333333332,63,3.4666515307238055,2.9250173863564517
07-02-2021,8.895747878000243,5.984555984555985,-0.14285714285714285,-5,-6.832199546485261,-13,12.857142857142858,28,3.461587764882214,2.9292757136184018
08-02-2021,10.178956220108267,8.870383779869659,1.7142857142857142,0,14.14965986394558,0,14.619047619047619,18,3.4627654405573094,2.9308681976058852
09-02-2021,7.225917558023794,7.5198455267110065,0.0,-6,-0.7959183673469388,2,20.095238095238095,65,3.4648191045972254,2.9448485591815814
10-02-2021,6.989310249222143,4.34516054870105,-0.7142857142857143,-11,-11.761904761904763,-50,16.0,31,3.4605995054466083,2.946924001041382
11-02-2021,8.122993549907225,5.037231712658782,-0.09523809523809523,-1,-16.156462585034014,-33,18.61904761904762,31,3.455649412332028,2.950096239613164
12-02-2021,8.320476950030072,6.071302506177197,-1.4761904761904763,-12,-11.281179138321995,-27,15.047619047619047,34,3.4495657873663106,2.953748544201629
13-02-2021,8.063079582962226,6.826513425146141,-1.5714285714285714,-12,-12.73922902494331,-60,14.80952380952381,29,3.443830074969963,2.9564431704885346
14-02-2021,8.164456149757921,5.246366536689117,1.0952380952380953,2,-1.258503401360544,-15,10.523809523809524,9,3.4379559120739756,2.9545065712730385
15-02-2021,9.146593611082395,6.2657908034360785,0.19047619047619047,-3,3.281179138321995,2,12.285714285714286,11,3.438158039852368,2.955712491762921
16-02-2021,6.306634131027298,4.475743348982785,-0.7142857142857143,-8,-3.199546485260771,-36,16.0,42,3.437410912796837,2.9628917277279014
17-02-2021,6.738820318799231,3.6760310818888224,-1.4761904761904763,-5,-10.442176870748298,-18,17.571428571428573,70,3.435747987485359,2.98005860379252
18-02-2021,7.873173526883774,7.126794672202041,0.09523809523809523,1,-14.643990929705215,-45,16.285714285714285,30,3.431025829062722,2.9797337351183124
19-02-2021,8.370902959120343,5.739495064208963,0.6666666666666666,0,-5.62358276643991,-40,16.80952380952381,32,3.4246329042368573,2.983561601626893
20-02-2021,8.85490155467243,22.01769911504425,0.19047619047619047,2,-4.888888888888889,-18,11.952380952380953,18,3.4153421780416027,2.9776941517362463
21-02-2021,8.580600559901983,4.121462602606051,1.4761904761904763,2,5.229024943310658,-8,11.047619047619047,11,3.4072487777859255,2.97451509462278
22-02-2021,10.493555859119796,2.81282316442606,1.1428571428571428,1,17.786848072562357,8,13.047619047619047,9,3.405344637181729,2.9726374244685276
23-02-2021,8.068254810511911,10.751164203280016,1.3333333333333333,2,7.945578231292517,34,16.952380952380953,21,3.401924042480621,2.969415809655021
24-02-2021,7.746020898549447,3.2289264191652407,0.5238095238095238,-2,-3.253968253968254,-8,15.142857142857142,21,3.393499321061419,2.967720755198755
25-02-2021,9.675250884297125,8.261530663963507,0.5238095238095238,3,2.403628117913832,-5,14.666666666666666,28,3.380728515723731,2.964481329308429
26-02-2021,10.515310017891126,6.430187577549084,1.2380952380952381,0,2.879818594104308,-9,12.047619047619047,23,3.3655102610903787,2.96092031703027
27-02-2021,10.46382553340243,7.043997668997669,1.0476190476190477,1,4.798185941043084,-8,13.333333333333334,23,3.353262318055591,2.9563978649740337
28-02-2021,10.69389360516569,8.85669842504375,0.7142857142857143,5,13.33106575963719,5,9.142857142857142,10,3.339834168870171,2.951322805240269
01-03-2021,12.713993160289325,12.36047953699876,2.761904761904762,0,25.29931972789116,25,11.714285714285714,5,3.3333095106097903,2.9474943904263275
02-03-2021,9.168644851652296,6.203113656529806,1.8095238095238095,6,23.4875283446712,17,16.333333333333332,22,3.3256706121672823,2.943263045564836
03-03-2021,9.43792535132915,6.389694041867955,4.0,10,13.104308390022677,17,16.523809523809526,17,3.3140429946973966,2.937193763919822
04-03-2021,11.457946375893188,9.701200417536535,3.0476190476190474,3,21.61904761904762,26,16.142857142857142,20,3.3001024634234253,2.930193917282852
05-03-2021,10.913759250868448,7.882337960015281,2.380952380952381,-2,12.569160997732427,12,14.142857142857142,25,3.2837169700664446,2.924572175356594
06-03-2021,11.394260495064282,9.84644913627639,2.1904761904761907,3,17.648526077097504,24,14.619047619047619,17,3.2683222384945068,2.9163651067595326
07-03-2021,11.657361581783164,11.164607558139535,1.619047619047619,0,22.60997732426304,15,9.857142857142858,15,3.2529895816965424,2.9102799918250564
08-03-2021,12.588354746748935,8.290613399328265,4.523809523809524,5,37.1609977324263,33,15.142857142857142,12,3.2486544937183743,2.9073578293281908
09-03-2021,9.553758610362385,10.210820421640843,2.6666666666666665,4,29.213151927437643,63,17.904761904761905,29,3.240115662445467,2.9022109459949257
10-03-2021,9.785956953675182,9.613252863653159,3.380952380952381,7,26.53968253968254,48,15.80952380952381,14,3.227637601460987,2.893175074183976
11-03-2021,10.681684087322335,5.026296916088931,1.5238095238095237,6,18.7437641723356,12,17.761904761904763,22,3.213193196480044,2.8855572759420074
12-03-2021,12.023425420956604,9.16210295728368,2.619047619047619,0,22.022675736961453,33,18.095238095238095,29,3.1980532822051213,2.8779156965533
13-03-2021,11.544274384510489,11.990485962130398,3.238095238095238,16,26.780045351473923,5,15.095238095238095,24,3.181953615392159,2.8628372650803597
14-03-2021,11.83337897531761,10.385461773266131,4.761904761904762,11,21.988662131519273,-4,12.571428571428571,8,3.169112623644878,2.8522722782616547
15-03-2021,13.594744290226142,11.278496200506599,3.5714285714285716,5,42.3922902494331,34,16.857142857142858,10,3.165118265411806,2.8483338260759385
16-03-2021,9.428061258024231,7.19326100379289,4.714285714285714,0,40.734693877551024,141,23.904761904761905,84,3.160732423583131,2.856694748162753
17-03-2021,9.79274938865202,10.85670785266733,2.9047619047619047,5,22.632653061224488,55,20.523809523809526,59,3.151675447390312,2.8556953850693256
18-03-2021,10.93075211951303,8.434554465066563,0.7619047619047619,2,9.052154195011338,15,20.142857142857142,36,3.1407341010448144,2.8517373576208835
19-03-2021,12.001342725928232,8.732885237739607,1.4761904761904763,6,9.249433106575964,1,18.38095238095238,23,3.1280889732320496,2.8430116415237308
20-03-2021,10.167474199451506,8.97248906100689,1.0952380952380953,6,10.691609977324262,19,19.095238095238095,20,3.1177497094297313,2.832569341505717
21-03-2021,11.239249298064134,10.03665241295052,2.9047619047619047,10,22.99546485260771,37,14.285714285714286,10,3.1081253983561075,2.8230415626577186
22-03-2021,22.387010942887123,9.249489448604493,2.9523809523809526,4,29.718820861678005,43,18.38095238095238,14,3.0970834875827618,2.8193156588742325
23-03-2021,9.179984070684903,7.889718302184929,1.7142857142857142,17,19.621315192743765,53,26.238095238095237,52,3.0962248392802,2.8183879924871853
24-03-2021,8.973777164378115,7.941240008641175,2.0,10,2.3945578231292517,24,21.904761904761905,28,3.0904755843157905,2.810434295803458
25-03-2021,10.785722723156278,8.077507249044967,1.5238095238095237,10,0.7619047619047619,27,21.904761904761905,25,3.0825380378076255,2.803122614855184
26-03-2021,10.778478057889822,9.278119251648796,0.38095238095238093,1,2.5941043083900226,-8,21.761904761904763,33,3.0744543901182673,2.796271637816245
27-03-2021,10.815879032018017,7.856537137726343,0.3333333333333333,-3,7.4104308390022675,-3,18.095238095238095,17,3.0644660758059326,2.7877399876477433
28-03-2021,11.246445698765013,9.479180613201232,2.0952380952380953,13,5.888888888888889,31,14.142857142857142,11,3.0558658933169194,2.7803086121432514
29-03-2021,12.476917702250836,10.393541876892028,2.0,11,23.900226757369616,40,19.857142857142858,10,3.0565088829172327,2.7776093792419956
30-03-2021,9.025833360276764,6.858097187803039,-0.23809523809523808,7,2.9047619047619047,13,25.19047619047619,52,3.0575872415889602,2.7830264295531655
31-03-2021,9.757924119083048,7.992057582526682,-0.2857142857142857,-3,-2.7029478458049887,47,22.238095238095237,35,3.05142203980305,2.7753253334308505
01-04-2021,10.729369127124464,7.490131414580523,-1.380952380952381,-1,-12.36734693877551,1,23.857142857142858,28,3.0453139004564074,2.7708201658902754
02-04-2021,10.605864138299472,7.734113712374582,1.0952380952380953,3,-10.505668934240363,-11,22.904761904761905,29,3.0401763571231744,2.767085105611365
03-04-2021,10.43550014716394,7.661141804788214,0.47619047619047616,2,-9.8140589569161,-14,17.904761904761905,32,3.032781069335856,2.764182754946453
04-04-2021,10.991910520185087,8.371551783147375,-0.5238095238095238,-4,-3.2607709750566896,28,15.523809523809524,24,3.0267723369964648,2.7619307279583114
05-04-2021,13.412208548807248,10.399776348895722,1.619047619047619,5,18.453514739229025,-1,14.095238095238095,17,3.0260313829185765,2.7616932222322084
06-04-2021,10.346390234231173,7.408442829186469,0.2857142857142857,9,26.49433106575964,31,20.047619047619047,15,3.031078954741996,2.761949212959876
07-04-2021,7.087461282008843,5.1152990752663,-2.857142857142857,7,-3.870748299319728,10,29.857142857142858,67,3.036812576393913,2.771235612564026
08-04-2021,7.711533305243805,5.552769546387053,-0.9523809523809523,2,-22.95918367346939,-27,23.19047619047619,24,3.035854833303834,2.768586825187232
09-04-2021,8.912143856619727,5.0367378989287115,-2.857142857142857,-10,-36.383219954648524,-56,34.19047619047619,38,3.0396951606920437,2.7712938807268066
10-04-2021,8.748589321761798,4.792315122893635,-0.7142857142857143,1,-24.006802721088437,-8,16.38095238095238,14,3.034647398015544,2.7674369065974194
11-04-2021,9.319217038040133,6.475531389026199,-0.14285714285714285,-7,-19.299319727891156,-87,15.761904761904763,28,3.030759607768447,2.768422624093197
12-04-2021,10.231175906883594,7.4980178955714125,0.38095238095238093,-3,4.1020408163265305,26,17.047619047619047,11,3.032389193124976,2.76709601459345
13-04-2021,7.903253278828139,4.900978654542652,-3.1904761904761907,-17,-21.160997732426306,-34,22.666666666666668,42,3.034194535085774,2.771524439279313
14-04-2021,7.754262139260218,5.387100135458998,-1.7142857142857142,-9,-29.324263038548754,-73,22.333333333333332,24,3.033634683251807,2.770025995705932
15-04-2021,8.743207580635625,5.772411511743301,-3.4761904761904763,-16,-40.632653061224495,-65,18.095238095238095,23,3.030116911072105,2.7682571839044434
16-04-2021,8.383803522522323,4.883774189854575,-2.4285714285714284,-7,-42.45351473922902,-73,20.428571428571427,23,3.0287248127901587,2.7677367548136456
17-04-2021,8.027051189934237,5.402349393806143,-1.2380952380952381,-3,-31.741496598639454,-79,14.761904761904763,24,3.024697967021159,2.767233440398913
18-04-2021,8.319064608332026,5.921205998912114,-1.380952380952381,2,-22.84580498866213,-33,11.952380952380953,16,3.021267238757551,2.765973346618508
19-04-2021,9.57540003770279,7.248539102325003,-3.1904761904761907,2,1.3514739229024944,-5,15.047619047619047,7,3.0225104756542547,2.764294795084924
20-04-2021,7.34791821238311,7.486910994764398,-4.428571428571429,-21,-27.467120181405896,-11,18.571428571428573,28,3.023158453101376,2.764863717710368
21-04-2021,6.7129125909570995,3.6270953828056074,-3.5714285714285716,-9,-25.7891156462585,-26,17.333333333333332,20,3.021768296696022,2.762326998720205
22-04-2021,8.16035232940677,6.210078069552875,-2.619047619047619,-14,-35.30612244897959,-44,17.142857142857142,24,3.0185835302458974,2.7610232303206423
23-04-2021,7.914268749429067,5.1346431485782436,-2.0,-1,-33.018140589569164,-32,16.285714285714285,20,3.0159542018287455,2.758911112971783
24-04-2021,7.4666437118016695,5.946251412784126,-4.0476190476190474,-7,-26.285714285714285,-38,15.333333333333334,23,3.0135583667572514,2.7579463544302554
25-04-2021,8.607554901610264,6.310798659364015,-1.5238095238095237,-1,-16.045351473922903,-5,10.333333333333334,9,3.0090287517973975,2.754824314052424
26-04-2021,8.576543003098568,7.310639366913704,-0.6190476190476191,2,-1.8321995464852607,-15,14.333333333333334,10,3.010213255021135,2.7536640015672256
27-04-2021,6.111701452239175,4.606636435615058,-4.809523809523809,-4,-20.160997732426306,-28,17.761904761904763,36,3.0117201706286454,2.7567550395515292
28-04-2021,6.512915319707094,5.098540782512645,-1.7619047619047619,-12,-23.05668934240363,-18,16.38095238095238,18,3.0102425746465364,2.7546711655484475
29-04-2021,7.356232990321594,6.467133658812708,-3.380952380952381,-2,-27.53514739229025,-25,13.714285714285714,17,3.0066786258034006,2.7525412844706176
30-04-2021,7.1480740707447525,4.339475421643359,-2.7142857142857144,-8,-22.124716553287982,0,12.523809523809524,14,3.0031673127162595,2.750674315791007
01-05-2021,6.521192807224857,4.566185253556304,-2.9047619047619047,-7,-29.394557823129254,-57,10.761904761904763,20,2.9991200849832875,2.749428918178449
02-05-2021,7.8458307813457,3.6230505895777863,0.09523809523809523,-5,-1.4807256235827664,-10,6.857142857142857,15,2.9958993878997084,2.750870160864787
03-05-2021,7.337824383558101,5.300757251035862,-1.619047619047619,2,0.7573696145124716,-1,12.19047619047619,4,2.9978216153818047,2.7494159697803657
04-05-2021,5.5405680200637155,3.903903903903904,-3.1904761904761907,-2,-13.541950113378686,-18,14.523809523809524,16,2.9986051109149887,2.7484929760735057
05-05-2021,5.266779783886575,3.80465644520159,-2.619047619047619,-4,-33.70521541950114,-24,12.714285714285714,12,2.9973712657232703,2.746450362916052
06-05-2021,5.939407379247714,4.6815834767641995,-2.857142857142857,-9,-33.827664399092974,-74,12.285714285714286,7,2.9950286585805,2.742519635805705
07-05-2021,5.820298922488703,2.988018342290814,-2.619047619047619,-4,-28.006802721088434,-27,9.857142857142858,10,2.9923667404801715,2.740778627017344
08-05-2021,5.656541987639495,3.397559409120103,-2.0,-4,-27.208616780045354,-36,10.666666666666666,6,2.990406103359046,2.738687923873109
09-05-2021,5.627169062964799,3.711275357760654,-0.9047619047619048,-2,-18.857142857142858,-16,6.619047619047619,3,2.987757862040616,2.736178978633707
10-05-2021,6.05989502933004,4.327361068934103,-1.619047619047619,0,-1.2426303854875282,1,9.428571428571429,2,2.9888829423215633,2.7350398705374563
11-05-2021,4.603792577679748,2.793021541485789,-4.857142857142857,-3,-28.11337868480726,-7,11.952380952380953,17,2.9899375004547406,2.736377898522997
12-05-2021,4.5225738244551765,3.1636941951607405,-3.0476190476190474,-13,-34.10204081632653,-25,12.476190476190476,18,2.9905995481082663,2.7374551222180554
13-05-2021,4.693298272345236,2.2489019033674964,-4.714285714285714,-1,-36.569160997732425,-30,9.571428571428571,9,2.9896162506402266,2.736545734362511
14-05-2021,4.322177761610282,2.4278549102275204,-1.5714285714285714,-3,-27.918367346938776,-30,8.666666666666666,6,2.9885533681785277,2.7350211412963166
15-05-2021,4.119558154645874,2.4625717084091225,-2.619047619047619,-9,-29.068027210884356,-25,6.476190476190476,8,2.9870413788885855,2.7346922250721004
16-05-2021,4.570150737121087,2.3231349171561324,-1.2380952380952381,-2,-18.208616780045354,-13,4.428571428571429,2,2.9851492694852424,2.73336538324234
17-05-2021,4.318980096266424,3.2832210126144807,-1.1904761904761905,0,-6.369614512471655,-1,6.666666666666667,2,2.9860355702814796,2.7327162300077794
18-05-2021,3.2160804020100504,2.5296660840769016,-3.0952380952380953,-7,-26.133786848072564,-25,9.571428571428571,12,2.987671060288815,2.73358104108573
19-05-2021,3.3278456443336943,2.031170158405723,-2.1904761904761907,-4,-26.85260770975057,-23,7.095238095238095,8,2.987303850785795,2.7333190812133306
20-05-2021,3.9868075028695134,2.1577435746373075,-4.714285714285714,-10,-34.848072562358276,-37,7.809523809523809,8,2.9871278984247276,2.733317033917818
21-05-2021,3.5181305746927847,1.5122333975319209,-3.5714285714285716,-3,-25.156462585034017,-30,10.380952380952381,6,2.9886152089793274,2.732963751046715
22-05-2021,3.2694100894154383,1.8483283500951346,-1.8571428571428572,1,-22.496598639455783,-19,5.9523809523809526,4,2.9882359682822415,2.7323959022359414
23-05-2021,3.4945650198131384,1.5725518227305217,-0.9523809523809523,-4,-16.435374149659864,7,3.4285714285714284,3,2.9871071945094,2.732245617694182
24-05-2021,3.623408586794689,2.0833333333333335,-1.3333333333333333,0,-11.335600907029479,-15,5.238095238095238,2,2.98795710367819,2.7317484611703162
25-05-2021,2.4085937052581627,1.6830441145724442,-2.8095238095238093,-2,-21.460317460317462,-29,7.904761904761905,2,2.989619551908434,2.7311934405884903
26-05-2021,2.4988082819225004,1.1284616323045016,-2.142857142857143,-2,-22.913832199546487,-37,5.761904761904762,8,2.9896994807258843,2.7314385260646454
27-05-2021,3.010695390705287,1.8318613019299967,-3.4285714285714284,-5,-22.897959183673468,-27,8.142857142857142,6,2.99082019129951,2.731294206704043
28-05-2021,2.8849798769225807,1.7808097811641712,-3.0476190476190474,-2,-27.408163265306122,-28,6.0,5,2.9911582920141475,2.7312558669627043
29-05-2021,2.58329688106105,1.4561908679555737,-2.238095238095238,-7,-20.759637188208618,-16,3.9523809523809526,7,2.9907513668822268,2.7316321490273374
30-05-2021,3.063404849119135,1.550726220377853,-1.619047619047619,-1,-11.46485260770975,-4,2.0952380952380953,1,2.9897037549546335,2.730900353677466
31-05-2021,3.562228304620834,1.9168591224018476,-1.3333333333333333,1,-6.446712018140589,-7,3.9047619047619047,1,2.990359239996197,2.730749515150227
01-06-2021,2.1535872637718976,1.1969947790653253,-2.0952380952380953,-2,-15.841269841269842,-20,4.428571428571429,9,2.990803506098139,2.7321913974583936
02-06-2021,2.253678369686568,0.8943951238902875,-2.6666666666666665,-3,-18.471655328798185,-29,2.9523809523809526,3,2.990220685735935,2.7317708825140223
03-06-2021,3.076178960096735,1.25,-1.9523809523809523,1,-8.53968253968254,-4,2.8095238095238093,2,2.9902278326303624,2.7318367318036874
04-06-2021,2.2470936946647164,0.9823000648688722,-2.6666666666666665,0,-13.47845804988662,-9,3.4761904761904763,5,2.990146696126209,2.7322365688828483
05-06-2021,2.01782827256584,1.0156118851771025,-2.2857142857142856,-1,-16.206349206349206,-20,2.7142857142857144,1,2.98977365594105,2.731634593156288
06-06-2021,2.5038056937722946,0.9368678803364208,-0.6666666666666666,-1,-11.510204081632654,-2,2.4285714285714284,0,2.989371585293359,2.731119192833996
07-06-2021,2.4720636707130796,1.7515923566878981,-0.7142857142857143,-1,-3.206349206349206,-7,3.0952380952380953,1,2.990010151881405,2.731110272615791
08-06-2021,1.7071659668204033,1.149032992036405,-3.380952380952381,-6,-14.061224489795919,-9,4.857142857142857,4,2.991081293948992,2.731216257632553
09-06-2021,1.7176596886741815,0.9828009828009828,-1.2857142857142858,-4,-15.553287981859409,-6,3.6666666666666665,7,2.9913469048725867,2.7320549804853216
10-06-2021,1.8304224984381265,0.6876061120543294,-1.6666666666666667,-2,-12.510204081632654,-19,4.190476190476191,4,2.991956353358171,2.732431005881466
11-06-2021,1.8173990590116547,0.37298387096774194,-1.380952380952381,0,-14.49206349206349,-10,3.2857142857142856,3,2.992248500622383,2.7326421037504036
12-06-2021,1.8228646517739815,1.1820120867401351,-1.0952380952380953,-2,-11.55328798185941,-9,2.4761904761904763,1,2.992259658459727,2.732446387517431
13-06-2021,1.7431615474286335,0.6252392497129003,-0.42857142857142855,-1,-5.757369614512472,-3,1.2380952380952381,0,2.991892335033895,2.731886532505917
14-06-2021,1.9936168299919086,0.6088721368512612,-1.380952380952381,-2,-5.0272108843537415,0,1.7142857142857142,0,2.9921010961710444,2.7317642958406534
15-06-2021,1.1644775147286668,0.5317038330291247,-1.5238095238095237,-2,-7.7437641723356005,-7,3.0,0,2.992701726758828,2.7312883204460476
16-06-2021,1.2698176957635614,0.682244584683609,-1.5714285714285714,0,-14.308390022675738,-19,2.4761904761904763,1,2.9929395127425837,2.730983634343396
17-06-2021,1.27229262730428,0.6280051025414581,-1.2857142857142858,-1,-9.591836734693876,-3,1.7619047619047619,0,2.9928784129908665,2.7305915222441643
18-06-2021,1.260069764006772,0.6328488084643528,-1.3333333333333333,0,-11.17687074829932,-3,1.6666666666666667,0,2.9928942139809385,2.730128846266988
19-06-2021,1.2533512803821838,0.4098791382028376,-1.0476190476190477,-1,-9.365079365079364,-14,1.3333333333333333,1,2.9927130038251732,2.7299915526032805
20-06-2021,1.2832564871599743,0.456490727532097,-0.23809523809523808,-2,-3.0453514739229024,0,0.8095238095238095,1,2.9924927862278086,2.730059834027044
21-06-2021,1.1625836322470682,0.4065040650406504,-0.19047619047619047,0,-2.750566893424036,-1,1.0,0,2.992645987031734,2.7300084467209547
22-06-2021,0.8457182157172486,1.0729613733905579,-1.0952380952380953,-7,-5.895691609977324,-12,1.4761904761904763,6,2.9927879925552867,2.7308033393474207
23-06-2021,1.0566421620376591,0.4382761139517896,-0.8571428571428571,0,-7.900226757369614,-7,1.4285714285714286,2,2.992691227263776,2.730959022678414
